,i,state,center,burg,name,formName,fullName,color,coa,pole,removed
0,1,1,3203,1,Parabriz,County,Parabriz County,#6ec2c2,"{'t1': 'gules', 'charges': [{'charge': 'horseshoe', 't': 'argent', 'p': 'jlh', 'size': 0.7}], 'shield': 'oval'}","[1516.0234375, 517.8359375]",
1,2,1,2321,153,Tunaleoy,County,Tunaleoy County,#94c6a4,"{'t1': 'argent', 'charges': [{'charge': 'crossAnkh', 't': 'gules', 'p': 'jln', 'size': 0.7}], 'shield': 'oval'}","[1556.21875, 575.90625]",
2,3,1,2722,147,Armir,County,Armir County,#84baba,"{'t1': 'sable', 'charges': [{'charge': 'bookClosed', 't': 'argent', 'p': 'abcpqh', 't2': 'argent', 't3': 'argent', 'size': 0.5}], 'shield': 'oval'}","[1562.3125, 544.8125]",
3,4,2,1553,2,Fasasan,Earldom,Fasasan Earldom,#fab46b,"{'t1': 'gules', 'ordinaries': [{'ordinary': 'gemelle', 't': 'or', 'line': 'invecked'}], 'charges': [{'charge': 'lionPassantGuardant', 't': 'argent', 'p': 'e', 't2': 'argent', 't3': 'argent', 'size': 1.5}], 'shield': 'round'}","[585.9375, 707.0625]",
4,5,2,1851,241,Shahrdestan,Earldom,Shahrdestan Earldom,#f59286,"{'t1': 'argent', 'ordinaries': [{'ordinary': 'pileInBend', 't': 'purpure'}], 'charges': [{'charge': 'helmet', 't': 'argent', 'p': 'e', 'size': 0.5}], 'shield': 'round'}","[508.51171875, 736.58203125]",
5,6,2,1645,92,Dowlasimsia,Earldom,Dowlasimsia Earldom,#fe8b7f,"{'t1': 'gules', 'charges': [{'charge': 'angel', 't': 'or', 'p': 'e', 't2': 'argent', 'size': 1.5}], 'shield': 'round'}","[564.75, 612.75]",
6,7,2,1063,313,Dehiehteh,Earldom,Dehiehteh Earldom,#f88d80,"{'t1': 'argent', 'division': {'division': 'perBend', 't': 'sable', 'line': 'straight'}, 'charges': [{'charge': 'fly', 't': 'gules', 'p': 'l', 't2': 'gules', 't3': 'azure', 'size': 0.7}, {'charge': 'lymphad', 't': 'or', 'p': 'm', 'size': 0.7}], 'shield': 'round'}","[633.828125, 803.640625]",
7,8,2,1355,252,Zran,Earldom,Zran Earldom,#e7b07a,"{'t1': 'gules', 'division': {'division': 'perCross', 't': 'or', 'line': 'straight'}, 'ordinaries': [{'ordinary': 'saltire', 't': 'argent', 'line': 'straight', 'divided': 'counter'}], 'shield': 'round'}","[717.861328125, 640.048828125]",
8,9,2,1351,209,Parnamk,County,Parnamk County,#ee9b89,"{'t1': 'gules', 'ordinaries': [{'ordinary': 'chevronReversed', 't': 'argent'}], 'charges': [{'charge': 'anchor', 't': 'argent', 'p': 'b', 'size': 0.5}], 'shield': 'round'}","[714.74609375, 764.06640625]",
9,10,3,1406,3,Shah,County,Shah County,#8ea7e5,"{'t1': 'argent', 'ordinaries': [{'ordinary': 'terrace', 't': 'gules', 'line': 'straight'}], 'shield': 'oval'}","[1392.5078125, 744.6171875]",
10,11,3,627,189,Ahyatalia,County,Ahyatalia County,#90a6e5,"{'t1': 'argent', 'charges': [{'charge': 'palmTree', 't': 'sable', 'p': 'e', 't2': 'sable', 't3': 'sable', 'size': 1.5}], 'shield': 'oval'}","[1388.921875, 810.171875]",
11,12,4,2610,4,Narififi,County,Narififi County,#ff9aba,"{'t1': 'purpure', 'ordinaries': [{'ordinary': 'cross', 't': 'or', 'line': 'embattledGrady'}], 'charges': [{'charge': 'horsePassant', 't': 'gules', 'p': 'e', 't2': 'gules', 'size': 0.5}], 'shield': 'oval'}","[1457.1796875, 575.1484375]",
12,13,4,2508,59,Shustan,County,Shustan County,#f6afbe,"{'t1': 'purpure', 'shield': 'oval'}","[1389.578125, 497.609375]",
13,14,4,2716,378,Dugedia,County,Dugedia County,#f8adbd,"{'t1': 'purpure', 'division': {'division': 'perCross', 't': 'or', 'line': 'rayonne'}, 'charges': [{'charge': 'stagLodgedRegardant', 't': 'argent', 'p': 'e', 't2': 'argent', 't3': 'argent', 'size': 1.5}], 'shield': 'oval'}","[1451.3125, 508.1875]",
14,15,5,1124,5,Dastgerd,Margrave,Dastgerd Margrave,#9be77a,"{'t1': 'gules', 'charges': [{'charge': 'compassRose', 't': 'argent', 'p': 'jln', 'size': 0.7}], 'shield': 'oval'}","[1499.375, 719.625]",
15,16,5,1036,142,Shemshania,County,Shemshania County,#9ff666,"{'t1': 'or', 'division': {'division': 'chevronny', 't': 'gules'}, 'charges': [{'charge': 'horseRampant', 't': 'purpure', 'p': 'e', 't2': 'purpure', 't3': 'sable', 'divided': 'counter', 'size': 1.5}], 'shield': 'oval'}","[1455.4375, 752.5625]",
16,17,6,3002,6,Ruolalamia,Earldom,Ruolalamia Earldom,#eee15c,"{'t1': 'argent', 'division': {'division': 'chevronny', 't': 'azure'}, 'charges': [{'charge': 'raven', 't': 'sable', 'p': 'e', 't2': 'sable', 'size': 1.5}], 'shield': 'pavise'}","[1380.0234375, 422.2578125]",
17,18,6,3588,70,Seilumamas,Earldom,Seilumamas Earldom,#f9d355,"{'t1': 'purpure', 'charges': [{'charge': 'bell', 't': 'or', 'p': 'jln', 't2': 'or', 'size': 0.7}], 'shield': 'pavise'}","[1295.1328125, 419.6015625]",
18,19,6,3495,27,Raplaki,Earldom,Raplaki Earldom,#ffd04c,"{'t1': 'argent', 'charges': [{'charge': 'snake', 't': 'sable', 'p': 'jln', 't2': 'sable', 'size': 0.7}], 'shield': 'pavise'}","[1426.953125, 422.828125]",
19,20,6,3283,80,Kehmamen,Earldom,Kehmamen Earldom,#ebf54b,"{'t1': 'argent', 'division': {'division': 'perCross', 't': 'azure', 'line': 'straight'}, 'ordinaries': [{'ordinary': 'terrace', 't': 'sable', 'line': 'straight'}], 'charges': [{'charge': 'anchor', 't': 'sable', 'p': 'e', 'size': 1.5}], 'shield': 'pavise'}","[1338.25, 368.25]",
20,21,7,440,7,Menaipia,Earldom,Menaipia Earldom,#79bcd3,"{'t1': 'argent', 'charges': [{'charge': 'bookClosed2', 't': 'purpure', 'p': 'e', 'size': 1.5}], 'shield': 'boeotian'}","[1271.703125, 910.328125]",
21,22,7,265,75,Askromepios,County,Askromepios County,#79e4c2,"{'t1': 'or', 'division': {'division': 'perFess', 't': 'azure', 'line': 'dovetailed'}, 'charges': [{'charge': 'bugleHorn', 't': 'gules', 'p': 'e', 't2': 'sable', 'divided': 'counter', 'size': 1.5}], 'shield': 'boeotian'}","[1301.0078125, 864.3515625]",
22,23,7,350,350,Tenaigia,County,Tenaigia County,#77bfd9,"{'t1': 'sable', 'charges': [{'charge': 'donkeyHeadCaboshed', 't': 'argent', 'p': 'e', 't2': 'argent', 'size': 1.5}], 'shield': 'boeotian'}","[1233.3828125, 875.0234375]",
23,24,7,944,271,Troyros,County,Troyros County,#70c8e0,"{'t1': 'or', 'charges': [{'charge': 'heart', 't': 'azure', 'p': 'jln', 'size': 0.7}], 'shield': 'boeotian'}","[1326.96875, 802.96875]",
24,25,7,1024,90,Akhaionti,Earldom,Akhaionti Earldom,#70c8df,"{'t1': 'argent', 'division': {'division': 'perPile', 't': 'sable', 'line': 'straight'}, 'charges': [{'charge': 'horseSalient', 't': 'gules', 'p': 'abceh', 't2': 'gules', 'divided': 'counter', 'size': 0.4}], 'shield': 'boeotian'}","[1255.0234375, 763.1640625]",
25,26,7,618,307,Cyzantibeth,County,Cyzantibeth County,#75e4c4,"{'t1': 'azure', 'charges': [{'charge': 'angel', 't': 'or', 'p': 'e', 't2': 'or', 'size': 1.5}], 'shield': 'boeotian'}","[1256.96875, 828.34375]",
26,27,8,846,8,Sapala,Parish,Sapala Parish,#ff9682,"{'t1': 'sable', 'charges': [{'charge': 'scissors2', 't': 'or', 'p': 'e', 'size': 1.5}], 'shield': 'boeotian'}","[1118.46875, 852.40625]",
27,28,8,341,270,Troyrosia,Parish,Troyrosia Parish,#f8bf70,"{'t1': 'or', 'charges': [{'charge': 'lute', 't': 'azure', 'p': 'e', 't2': 'azure', 'size': 1.5}], 'shield': 'boeotian'}","[1161.6875, 840.1875]",
28,29,8,435,320,Cydia,Parish,Cydia Parish,#e9ba81,"{'t1': 'or', 'division': {'division': 'perPale', 't': 'gules', 'line': 'straight'}, 'charges': [{'charge': 'goutte', 't': 'vert', 'p': 'e', 'divided': 'counter', 'size': 1.5}], 'shield': 'boeotian'}","[1187.5078125, 818.6640625]",
29,30,8,1594,100,Legarisia,Parish,Legarisia Parish,#f5a08b,"{'t1': 'gules', 'charges': [{'charge': 'tower', 't': 'argent', 'p': 'e', 't2': 'or', 'size': 1.5}], 'shield': 'boeotian'}","[1174.5, 683.5]",
30,31,8,1192,264,Phaismebe,Parish,Phaismebe Parish,#fa9a84,"{'t1': 'gules', 'charges': [{'charge': 'helmetGreat', 't': 'or', 'p': 'e', 'size': 1.5}], 'shield': 'boeotian'}","[1168.23828125, 747.54296875]",
31,32,9,3664,9,Boviataci,Earldom,Boviataci Earldom,#c6d2bf,"{'t1': 'azure', 'division': {'division': 'perFess', 't': 'argent', 'line': 'invecked'}, 'charges': [{'charge': 'goutte', 't': 'or', 'p': 'k', 'size': 0.7}, {'charge': 'heart', 't': 'azure', 'p': 'n', 'size': 0.7}], 'shield': 'roman'}","[980.28125, 369.84375]",
32,33,9,3564,324,Inaralas,Earldom,Inaralas Earldom,#cbd0bc,"{'t1': 'vert', 'charges': [{'charge': 'trefle', 't': 'argent', 'p': 'jln', 'size': 0.7}], 'shield': 'roman'}","[1011.625, 383.375]",
33,34,10,3463,10,Hoskog,County,Hoskog County,#eb8eec,"{'t1': 'purpure', 'charges': [{'charge': 'swan', 't': 'or', 'p': 'e', 't2': 'or', 't3': 'argent', 'size': 1.5}], 'shield': 'pavise'}","[1039.609375, 446.171875]",
34,35,10,2180,332,Hinkania,County,Hinkania County,#e3b8d8,"{'t1': 'vert', 'charges': [{'charge': 'key', 't': 'argent', 'p': 'jln', 'size': 0.7}], 'shield': 'pavise'}","[1043.89453125, 540.48046875]",
35,36,11,3545,11,Polumia,State,Polumia State,#ebe064,"{'t1': 'azure', 'division': {'division': 'perFess', 't': 'or', 'line': 'nebuly'}, 'charges': [{'charge': 'crossClechy', 't': 'argent', 'p': 'k', 'size': 0.7}, {'charge': 'lozenge', 't': 'azure', 'p': 'n', 'size': 0.7}], 'shield': 'roman'}","[854.9453125, 416.7421875]",
36,37,11,3842,89,Mansium,State,Mansium State,#e3f757,"{'t1': 'argent', 'ordinaries': [{'ordinary': 'chief', 't': 'azure', 'line': 'wavy'}], 'shield': 'roman'}","[690.046875, 384.546875]",
37,38,11,3944,239,Marnorum,County,Marnorum County,#ebe262,"{'t1': 'or', 'charges': [{'charge': 'bridge2', 't': 'vert', 'p': 'e', 'size': 1.5}], 'shield': 'roman'}","[694.265625, 312.859375]",
38,39,11,4121,141,Burnocevia,Republic,Burnocevia Republic,#baf37c,"{'t1': 'azure', 'charges': [{'charge': 'sickle', 't': 'or', 'p': 'abc', 't2': 'or', 'size': 0.5}], 'shield': 'roman'}","[739.9375, 363.3125]",
39,40,11,3953,172,Iuniumia,State,Iuniumia State,#c8ff61,"{'t1': 'azure', 'charges': [{'charge': 'archer', 't': 'argent', 'p': 'e', 't2': 'or', 't3': 'argent', 'size': 1.5}], 'shield': 'roman'}","[799.0625, 379.4375]",
40,41,11,3942,196,Ridunumia,Council,Ridunumia Council,#bcff6a,"{'t1': 'bendySinister-purpure-argent', 'division': {'division': 'perPale', 't': 'gules', 'line': 'straight'}, 'charges': [{'charge': 'mullet', 't': 'or', 'p': 'p', 'size': 0.7}, {'charge': 'palace', 't': 'or', 'p': 'q', 'size': 0.7}], 'shield': 'roman'}","[668.5, 333.5]",
41,42,11,3734,364,Lugduridi,Council,Lugduridi Council,#ebec58,"{'t1': 'or', 'charges': [{'charge': 'butterfly', 't': 'vert', 'p': 'e', 't2': 'vert', 't3': 'vert', 'size': 1.5}], 'shield': 'roman'}","[656.0234375, 360.0703125]",
42,43,11,3247,402,Pulbium,County,Pulbium County,#b8fc75,"{'t1': 'vert', 'ordinaries': [{'ordinary': 'chevron', 't': 'argent'}], 'shield': 'roman'}","[810.99609375, 463.51953125]",
43,44,12,3028,12,Opel,Margrave,Opel Margrave,#ffff3c,"{'t1': 'vert', 'ordinaries': [{'ordinary': 'piles', 't': 'argent'}], 'charges': [{'charge': 'swanErased', 't': 'or', 'p': 'kn', 't2': 'or', 't3': 'argent', 'size': 0.7}], 'shield': 'round'}","[480.96875, 437.03125]",
44,45,12,2133,230,Frohngen,County,Frohngen County,#ffe44e,"{'t1': 'argent', 'charges': [{'charge': 'crossCalvary', 't': 'azure', 'p': 'e', 'size': 1.5}], 'shield': 'round'}","[363.8828125, 566.1796875]",
45,46,12,3328,55,Bridanumia,County,Bridanumia County,#ecff4e,"{'t1': 'gules', 'ordinaries': [{'ordinary': 'cross', 't': 'or', 'line': 'straight'}], 'charges': [{'charge': 'castle', 't': 'purpure', 'p': 'e', 't2': 'purpure', 'size': 0.5}], 'shield': 'roman'}","[629.6796875, 400.3046875]",
46,47,12,4027,38,Hauheterswe,County,Hauheterswe County,#ffe157,"{'t1': 'argent', 'ordinaries': [{'ordinary': 'bordure', 't': 'gules'}], 'charges': [{'charge': 'lymphad', 't': 'or', 'p': 'ABCDEFGHIJKL', 't2': 'or', 't3': 'azure', 'size': 0.18}], 'shield': 'round'}","[611.640625, 340.984375]",
47,48,12,3123,123,Hinzenburg,County,Hinzenburg County,#fffd3a,"{'t1': 'azure', 'charges': [{'charge': 'pique', 't': 'or', 'p': 'kn', 'size': 0.7}], 'shield': 'round'}","[398.2578125, 471.4765625]",
48,49,12,2655,237,Abriz,County,Abriz County,#ffe946,"{'t1': 'purpure', 'division': {'division': 'perFess', 't': 'argent', 'line': 'invecked'}, 'charges': [{'charge': 'inescutcheon', 't': 'or', 'p': 'e', 'size': 1.5}, {'charge': 'windmill', 't': 'azure', 'p': 'e', 'size': 0.75}], 'shield': 'round'}","[587.8828125, 540.7109375]",
49,50,12,3018,303,Marcland,County,Marcland County,#ffff43,"{'t1': 'semy_of_goutte-or-gules', 'division': {'division': 'perSaltire', 't': 'vert'}, 'charges': [{'charge': 'shipWheel', 't': 'azure', 'p': 'e', 'size': 1.5}], 'shield': 'round'}","[365.8125, 449.6875]",
50,51,12,3315,39,Karlsauern,County,Karlsauern County,#ffec41,"{'t1': 'or', 'ordinaries': [{'ordinary': 'chevronReversed', 't': 'azure', 'line': 'straight'}], 'charges': [{'charge': 'mullet10', 't': 'sable', 'p': 'b', 'size': 0.5}], 'shield': 'round'}","[470.55078125, 372.29296875]",
51,52,12,3419,36,Fredenmunsa,County,Fredenmunsa County,#e9ff58,"{'t1': 'or', 'charges': [{'charge': 'crocodile', 't': 'sable', 'p': 'e', 't2': 'sable', 'size': 1.5}], 'shield': 'round'}","[544.3671875, 361.6796875]",
52,53,12,1330,143,Wutacland,County,Wutacland County,#fffc3a,"{'t1': 'argent', 'charges': [{'charge': 'bowWithArrow', 't': 'vert', 'p': 'e', 't2': 'vert', 't3': 'gules', 'size': 1.5}], 'shield': 'round'}","[394.00390625, 669.98828125]",
53,54,12,2546,63,Opfheim,County,Opfheim County,#ffe157,"{'t1': 'masoned-gules-argent-small', 'ordinaries': [{'ordinary': 'quarter', 't': 'or'}], 'shield': 'round'}","[514.5234375, 485.9453125]",
54,55,12,3415,318,Eisenbach,Barony,Eisenbach Barony,#fffa3a,"{'t1': 'or', 'ordinaries': [{'ordinary': 'bordure', 't': 'gules', 'line': 'enclavy'}], 'charges': [{'charge': 'fountain', 't': 'azure', 'p': 'e', 'size': 1.1}], 'shield': 'round'}","[437.75, 426.75]",
55,56,12,2549,175,Weilerland,County,Weilerland County,#f6ea5f,"{'t1': 'or', 'charges': [{'charge': 'crossHummetty', 't': 'sable', 'p': 'jln', 'size': 0.7}], 'shield': 'round'}","[576.3515625, 488.1796875]",
56,57,12,3019,394,Lenzgraberg,County,Lenzgraberg County,#ffe257,"{'t1': 'bendy-argent-gules', 'charges': [{'charge': 'bee', 't': 'azure', 'p': 'e', 't2': 'azure', 't3': 'azure', 'size': 1.5}], 'shield': 'round'}","[396.53125, 446.78125]",
57,58,12,1227,72,Berg,County,Berg County,#ffeb43,"{'t1': 'sable', 'division': {'division': 'perCross', 't': 'argent', 'line': 'engrailed'}, 'charges': [{'charge': 'mullet6Faceted', 't': 'or', 'p': 'j', 'divided': 'counter', 'size': 0.6}], 'shield': 'round'}","[357.890625, 701.984375]",
58,59,12,2330,244,Losterland,County,Losterland County,#ecff4e,"{'t1': 'sable', 'charges': [{'charge': 'griffinRampant', 't': 'argent', 'p': 'abc', 't2': 'argent', 't3': 'argent', 'size': 0.5}], 'shield': 'round'}","[336.22265625, 618.87890625]",
59,60,12,3230,198,Sulzlin,County,Sulzlin County,#ffe257,"{'t1': 'purpure', 'ordinaries': [{'ordinary': 'cross', 't': 'argent', 'line': 'straight'}], 'charges': [{'charge': 'skeleton', 't': 'purpure', 'p': 'behdf', 'size': 0.3}], 'shield': 'round'}","[580.046875, 429.015625]",
60,61,12,1838,47,Tieben,County,Tieben County,#fde256,"{'t1': 'azure', 'division': {'division': 'perFess', 't': 'argent', 'line': 'wavy'}, 'charges': [{'charge': 'roundel', 't': 'or', 'p': 'jlh', 'divided': 'counter', 'size': 0.7}], 'shield': 'round'}","[425.875, 588.125]",
61,62,13,424,13,Lelia,County,Lelia County,#8ed3c4,"{'t1': 'or', 'division': {'division': 'perPale', 't': 'gules', 'line': 'rayonne'}, 'charges': [{'charge': 'sagittarius', 't': 'sable', 'p': 'jo', 't2': 'sable', 't3': 'sable', 'divided': 'counter', 'size': 0.7}], 'shield': 'boeotian'}","[1046.3125, 860.1875]",
62,63,13,243,82,Psia,Earldom,Psia Earldom,#90e1b3,"{'t1': 'bendy-or-purpure', 'ordinaries': [{'ordinary': 'canton', 't': 'sable'}], 'shield': 'boeotian'}","[1073.90625, 873.90625]",
63,64,13,682,293,Pydrialeta,County,Pydrialeta County,#7cf9b9,"{'t1': 'semy_of_crescent-argent-gules-small', 'division': {'division': 'perPile', 't': 'azure', 'line': 'straight'}, 'ordinaries': [{'ordinary': 'pall', 't': 'gules'}], 'shield': 'boeotian'}","[1070.015625, 823.921875]",
64,65,14,3012,14,Rautmaa,Margrave,Rautmaa Margrave,#eed67c,"{'t1': 'argent', 'ordinaries': [{'ordinary': 'fess', 't': 'gules', 'line': 'straight'}], 'charges': [{'charge': 'escallop', 't': 'sable', 'p': 'abcz', 'size': 0.5}], 'shield': 'pavise'}","[1510.9921875, 424.4765625]",
65,66,14,3703,56,Loijalia,Barony,Loijalia Barony,#ffae86,"{'t1': 'gules', 'ordinaries': [{'ordinary': 'bendletSinister', 't': 'argent', 'line': 'straight'}], 'charges': [{'charge': 'billet', 't': 'gules', 'p': 'lem', 'size': 0.3}], 'shield': 'pavise'}","[1479.578125, 371.015625]",
66,67,15,3574,15,Kautia,County,Kautia County,#80ccf4,"{'t1': 'purpure', 'division': {'division': 'perFess', 't': 'argent', 'line': 'indented'}, 'charges': [{'charge': 'fly', 't': 'or', 'p': 'kmo', 't2': 'or', 't3': 'or', 'divided': 'counter', 'size': 0.5}], 'shield': 'pavise'}","[1135.8125, 368.4375]",
67,68,15,3577,44,Jepsapaki,Seneschalty,Jepsapaki Seneschalty,#adaaf0,"{'t1': 'purpure', 'charges': [{'charge': 'shears', 't': 'or', 'p': 'e', 'size': 1.5}], 'shield': 'pavise'}","[1110.703125, 462.109375]",
68,69,15,3680,61,Lepa,Seneschalty,Lepa Seneschalty,#b3b3e0,"{'t1': 'vert', 'division': {'division': 'perCross', 't': 'argent', 'line': 'straight'}, 'ordinaries': [{'ordinary': 'piles', 't': 'or', 'divided': 'counter'}], 'shield': 'pavise'}","[1167.75, 319.25]",
69,70,15,2890,104,Vaia,County,Vaia County,#b3b9db,"{'t1': 'bendy-purpure-argent', 'charges': [{'charge': 'eagleTwoHeads', 't': 'or', 'p': 'e', 't2': 'or', 't3': 'or', 'size': 1.5}], 'shield': 'pavise'}","[1176.03125, 445.65625]",
70,71,16,271,16,Atropesia,Canton,Atropesia Canton,#f5b2ce,"{'t1': 'argent', 'charges': [{'charge': 'drakkar', 't': 'gules', 'p': 'e', 't2': 'gules', 't3': 'gules', 'size': 1.5}], 'shield': 'boeotian'}","[1344.71875, 909.71875]",
71,72,16,357,116,Dopepikonia,Canton,Dopepikonia Canton,#c2c3ea,"{'t1': 'argent', 'charges': [{'charge': 'inescutcheon', 't': 'vert', 'p': 'e', 'size': 1.5}, {'charge': 'eagleTwoHeads', 't': 'argent', 'p': 'e', 'size': 0.75}], 'shield': 'boeotian'}","[1360.53125, 844.21875]",
72,73,16,543,386,Hyeleuthos,Canton,Hyeleuthos Canton,#f5a9d9,"{'t1': 'argent', 'charges': [{'charge': 'basilisk', 't': 'azure', 'p': 'e', 't2': 'azure', 't3': 'sable', 'size': 1.5}], 'shield': 'boeotian'}","[1395, 833]",
73,74,17,1618,17,Jowshan,County,Jowshan County,#f6cb74,"{'t1': 'argent', 'charges': [{'charge': 'stagPassant', 't': 'gules', 'p': 'e', 't2': 'azure', 'size': 1.5}], 'shield': 'oval'}","[1518.296875, 637.578125]",
74,75,17,1716,62,Talkhast,County,Talkhast County,#ffc973,"{'t1': 'gules', 'ordinaries': [{'ordinary': 'pileInBend', 't': 'or'}], 'charges': [{'charge': 'escallop', 't': 'or', 'p': 'cg', 'size': 0.7}], 'shield': 'oval'}","[1471.8984375, 661.5078125]",
75,76,17,2020,345,Varveshahr,County,Varveshahr County,#ffef5d,"{'t1': 'argent', 'ordinaries': [{'ordinary': 'chief', 't': 'sable', 'line': 'straight'}], 'charges': [{'charge': 'archer', 't': 'argent', 'p': 'abc', 't2': 'argent', 't3': 'argent', 'size': 0.5}], 'shield': 'oval'}","[1467.265625, 623.828125]",
76,77,17,1721,330,Chayeri,Earldom,Chayeri Earldom,#f4ce78,"{'t1': 'argent', 'division': {'division': 'perBend', 't': 'gules', 'line': 'invecked'}, 'charges': [{'charge': 'palace', 't': 'purpure', 'p': 'e', 'size': 1.5}], 'shield': 'oval'}","[1547.28125, 686.65625]",
77,78,18,4230,18,Aka,Margrave,Aka Margrave,#97c2c6,"{'t1': 'argent', 'division': {'division': 'perCross', 't': 'sable', 'line': 'straight'}, 'ordinaries': [{'ordinary': 'pall', 't': 'purpure', 'divided': 'counter'}], 'shield': 'pavise'}","[1273.00390625, 358.85546875]",
78,79,18,4326,146,Glerialas,County,Glerialas County,#8bdfbb,"{'t1': 'or', 'division': {'division': 'perCross', 't': 'azure', 'line': 'wavy'}, 'charges': [{'charge': 'wolfHeadErased', 't': 'vert', 'p': 'j', 't2': 'vert', 'size': 0.6}, {'charge': 'lanceWithBanner', 't': 'argent', 'p': 'l', 'size': 0.6}, {'charge': 'crossAvellane', 't': 'argent', 'p': 'm', 'size': 0.6}, {'charge': 'windmill', 't': 'purpure', 'p': 'o', 'size': 0.6}], 'shield': 'roman'}","[1259.671875, 274.796875]",
79,80,18,4163,107,Rakka,County,Rakka County,#9cbbbf,"{'t1': 'argent', 'ordinaries': [{'ordinary': 'bordure', 't': 'sable'}], 'charges': [{'charge': 'wolfRampant', 't': 'argent', 'p': 'ABCDEFGHIJKL', 't2': 'gules', 't3': 'sable', 'size': 0.18}], 'shield': 'pavise'}","[1346.7421875, 284.9140625]",
80,81,18,3983,29,Humaa,Margrave,Humaa Margrave,#b1dba5,"{'t1': 'bendy-purpure-argent-small', 'division': {'division': 'perFess', 't': 'bendy-gules-or', 'line': 'straight'}, 'charges': [{'charge': 'mullet8', 't': 'vert', 'p': 'k', 'size': 0.7}, {'charge': 'raven', 't': 'vert', 'p': 'n', 'size': 0.7}], 'shield': 'pavise'}","[1210.2578125, 324.4140625]",
81,82,18,4365,91,Herviarau,Earldom,Herviarau Earldom,#8bd3c6,"{'t1': 'azure', 'charges': [{'charge': 'bearRampant', 't': 'argent', 'p': 'e', 't2': 'argent', 't3': 'argent', 'size': 1.5}], 'shield': 'roman'}","[1276.953125, 232.859375]",
82,83,18,4460,398,Druliobria,County,Druliobria County,#bcc8a6,"{'t1': 'bendySinister-vert-or', 'ordinaries': [{'ordinary': 'chief', 't': 'argent', 'line': 'straight'}], 'shield': 'roman'}","[1290.0703125, 285.6796875]",
83,84,18,3478,274,Totsa,County,Totsa County,#bcbfaf,"{'t1': 'azure', 'division': {'division': 'perCross', 't': 'or', 'line': 'straight'}, 'charges': [{'charge': 'dragonPassant', 't': 'argent', 'p': 'j', 't2': 'argent', 't3': 'argent', 'size': 0.6}, {'charge': 'anvil', 't': 'gules', 'p': 'l', 'size': 0.6}, {'charge': 'sunInSplendour2', 't': 'gules', 'p': 'm', 'size': 0.6}, {'charge': 'earOfWheat', 't': 'or', 'p': 'o', 'size': 0.6}], 'shield': 'pavise'}","[1218.9765625, 396.3984375]",
84,85,19,4139,19,Kilvala,Parish,Kilvala Parish,#a0dcb7,"{'t1': 'sable', 'division': {'division': 'perPale', 't': 'or', 'line': 'straight'}, 'charges': [{'charge': 'inescutcheon', 't': 'argent', 'p': 'e', 'size': 1.5}, {'charge': 'mullet', 't': 'gules', 'p': 'e', 'size': 0.75}], 'shield': 'pavise'}","[1042.6875, 354.3125]",
85,86,19,3465,87,Vaamali,Parish,Vaamali Parish,#86dac3,"{'t1': 'sable', 'charges': [{'charge': 'drakkar', 't': 'argent', 'p': 'abc', 't2': 'argent', 't3': 'argent', 'size': 0.5}], 'shield': 'pavise'}","[1078.59375, 372.65625]",
86,87,19,4138,40,Koula,Parish,Koula Parish,#93ddb9,"{'t1': 'purpure', 'division': {'division': 'gyronny', 't': 'ermine-argent-sable'}, 'charges': [{'charge': 'crossHummetty', 't': 'or', 'p': 'e', 'size': 1.5}], 'shield': 'pavise'}","[1034.0546875, 268.6015625]",
87,88,19,3760,170,Nogesihi,Parish,Nogesihi Parish,#93b9cf,"{'t1': 'chequy-argent-sable', 'division': {'division': 'perFess', 't': 'gules', 'line': 'straight'}, 'ordinaries': [{'ordinary': 'fess', 't': 'azure', 'line': 'straight'}], 'shield': 'pavise'}","[986.66796875, 308.18359375]",
88,89,20,328,20,Stralagas,Earldom,Stralagas Earldom,#bd9be5,"{'t1': 'vert', 'charges': [{'charge': 'dragonPassant', 't': 'or', 'p': 'e', 't2': 'argent', 't3': 'argent', 'size': 1.5}], 'shield': 'boeotian'}","[972.02734375, 828.60546875]",
89,90,20,1589,73,Thebaizep,County,Thebaizep County,#cfbac9,"{'t1': 'argent', 'division': {'division': 'perCross', 't': 'gules', 'line': 'straight'}, 'ordinaries': [{'ordinary': 'pale', 't': 'azure', 'line': 'straight'}], 'charges': [{'charge': 'greyhoundSejant', 't': 'argent', 'p': 'e', 't2': 'argent', 't3': 'purpure', 'size': 0.7}], 'shield': 'boeotian'}","[1065.65625, 700.09375]",
90,91,20,1173,374,Cytholyntia,Earldom,Cytholyntia Earldom,#adabef,"{'t1': 'gules', 'division': {'division': 'perCross', 't': 'argent', 'line': 'straight'}, 'charges': [{'charge': 'crossPommy', 't': 'or', 'p': 'e', 'divided': 'counter', 'size': 1.5}], 'shield': 'boeotian'}","[889.0703125, 715.9921875]",
91,92,20,1271,382,Inverwick,Earldom,Inverwick Earldom,#b7c4d2,"{'t1': 'gules', 'ordinaries': [{'ordinary': 'bendlet', 't': 'argent', 'line': 'escartely'}], 'shield': 'round'}","[897.4375, 763.6875]",
92,93,20,399,66,Cypethos,Earldom,Cypethos Earldom,#a7bee2,"{'t1': 'azure', 'charges': [{'charge': 'bridge', 't': 'or', 'p': 'jlh', 'size': 0.7}], 'shield': 'boeotian'}","[835.46875, 866.15625]",
93,94,20,1579,101,Pitherythro,Earldom,Pitherythro Earldom,#b2a5ee,"{'t1': 'sable', 'division': {'division': 'perCross', 't': 'argent', 'line': 'invecked'}, 'shield': 'boeotian'}","[969.078125, 666.265625]",
94,95,20,666,351,Paphakynt,Earldom,Paphakynt Earldom,#d19be2,"{'t1': 'sable', 'ordinaries': [{'ordinary': 'fess', 't': 'or', 'line': 'nowyReversed'}], 'charges': [{'charge': 'crescent', 't': 'azure', 'p': 'e', 'size': 0.7}], 'shield': 'boeotian'}","[830.0625, 827.3125]",
95,96,20,917,372,Histhos,County,Histhos County,#d99eda,"{'t1': 'sable', 'charges': [{'charge': 'buckle', 't': 'argent', 'p': 'e', 'size': 1.5}], 'shield': 'boeotian'}","[999.5078125, 738.6015625]",
96,97,20,1082,226,Abenia,Earldom,Abenia Earldom,#b89de7,"{'t1': 'or', 'charges': [{'charge': 'hedgehog', 't': 'sable', 'p': 'e', 't2': 'sable', 't3': 'sable', 'size': 1.5}], 'shield': 'round'}","[857.234375, 757.421875]",
97,98,20,305,260,Pyzan,Earldom,Pyzan Earldom,#c5c3d1,"{'t1': 'sable', 'charges': [{'charge': 'ratRampant', 't': 'argent', 'p': 'e', 't2': 'argent', 'size': 1.5}], 'shield': 'boeotian'}","[766.2734375, 844.2578125]",
98,99,21,1201,21,Shemshahria,Earldom,Shemshahria Earldom,#1ed7df,"{'t1': 'azure', 'charges': [{'charge': 'mullet10', 't': 'or', 'p': 'abc', 'size': 0.5}], 'shield': 'oval'}","[1332.6640625, 678.7421875]",
99,100,21,1600,279,Shahvabadia,Shire,Shahvabadia Shire,#2be4c6,"{'t1': 'argent', 'charges': [{'charge': 'heart', 't': 'azure', 'p': 'jln', 'size': 0.7}], 'shield': 'oval'}","[1268.078125, 689.453125]",
100,101,21,2012,235,Nashehteh,County,Nashehteh County,#50c9be,"{'t1': 'gules', 'charges': [{'charge': 'stirrup', 't': 'argent', 'p': 'kn', 't2': 'argent', 'size': 0.7}], 'shield': 'oval'}","[1365.2734375, 612.4453125]",
101,102,21,2207,328,Varjoles,Margrave,Varjoles Margrave,#33e4c4,"{'t1': 'azure', 'ordinaries': [{'ordinary': 'chevron', 't': 'argent', 'line': 'raguly'}], 'charges': [{'charge': 'mullet10', 't': 'azure', 'p': 'ach', 'size': 0.5}], 'shield': 'oval'}","[1431.9453125, 639.9765625]",
102,103,21,2804,212,Sadashtia,Landgrave,Sadashtia Landgrave,#35e4c4,"{'t1': 'gules', 'division': {'division': 'perCross', 't': 'or', 'line': 'straight'}, 'charges': [{'charge': 'parrot', 't': 'argent', 'p': 'jlmo', 't2': 'argent', 'divided': 'counter', 'size': 0.6}], 'shield': 'oval'}","[1344.421875, 515.796875]",
103,104,21,2106,140,Hamabilia,Captaincy,Hamabilia Captaincy,#3fe1c2,"{'t1': 'vert', 'ordinaries': [{'ordinary': 'chief', 't': 'argent', 'line': 'straight'}], 'charges': [{'charge': 'crossHummetty', 't': 'vert', 'p': 'abc', 'size': 0.5}], 'shield': 'oval'}","[1317.71875, 582.40625]",
104,105,21,2112,211,Hajdasirsia,Captaincy,Hajdasirsia Captaincy,#34e4c4,"{'t1': 'azure', 'charges': [{'charge': 'peacock', 't': 'or', 'p': 'jeo', 't2': 'or', 't3': 'or', 'size': 0.5}], 'shield': 'oval'}","[1393.9375, 579.8125]",
105,106,21,1199,181,Kenos,County,Kenos County,#50c2c8,"{'t1': 'gules', 'division': {'division': 'perCross', 't': 'or', 'line': 'straight'}, 'charges': [{'charge': 'heart', 't': 'argent', 'p': 'j', 'divided': 'counter', 'size': 0.6}], 'shield': 'boeotian'}","[1317.421875, 740.515625]",
106,107,22,2971,22,Pulbium,County,Pulbium County,#ffef4d,"{'t1': 'azure', 'ordinaries': [{'ordinary': 'saltire', 't': 'or', 'line': 'enclavy'}], 'charges': [{'charge': 'agnusDei', 't': 'azure', 'p': 'e', 't2': 'azure', 'size': 0.7}], 'shield': 'roman'}","[922.1484375, 445.6015625]",
107,108,22,2870,295,Vilbium,Shire,Vilbium Shire,#ffd251,"{'t1': 'argent', 'charges': [{'charge': 'eagleTwoHeads', 't': 'purpure', 'p': 'e', 't2': 'purpure', 't3': 'purpure', 'size': 1.5}], 'shield': 'roman'}","[898.4140625, 480.1796875]",
108,109,23,3860,23,Vindautum,County,Vindautum County,#d6c882,"{'t1': 'gules', 'ordinaries': [{'ordinary': 'fess', 't': 'or', 'line': 'rayonne'}], 'charges': [{'charge': 'saw', 't': 'argent', 'p': 'abc', 't2': 'argent', 'size': 0.5}], 'shield': 'roman'}","[912.7109375, 375.6484375]",
109,110,23,4130,238,Cantego,County,Cantego County,#d6c883,"{'t1': 'or', 'charges': [{'charge': 'fleurDeLis', 't': 'sable', 'p': 'e', 'size': 1.5}], 'shield': 'roman'}","[934.875, 316.625]",
110,111,2,1077,337,Echeh,Land,Echeh Land,#ffb36b,"{'t1': 'argent', 'division': {'division': 'chevronny', 't': 'gules'}, 'charges': [{'charge': 'lionPassantGuardant', 't': 'azure', 'p': 'jeo', 't2': 'azure', 't3': 'purpure', 'divided': 'counter', 'size': 0.5}], 'shield': 'round'}","[849.4375, 604.1875]",
111,112,4,1629,0,New Dugedia,Colony,New Dugedia Colony,#d5a5db,"{'t1': 'azure', 'division': {'division': 'perCross', 't': 'argent', 'line': 'straight'}, 'charges': [{'charge': 'swallow', 't': 'or', 'p': 'e', 't2': 'or', 'size': 1.4}, {'charge': 'horsePassant', 't': 'purpure', 'p': 'y', 'size': 0.5}], 'ordinaries': [{'ordinary': 'canton', 't': 'or'}], 'shield': 'oval'}","[1329.5, 484.5]",True
112,113,6,1524,0,Pichamland,Land,Pichamland Land,#f9d255,"{'t1': 'argent', 'division': {'division': 'perFess', 't': 'vert', 'line': 'wavy'}, 'charges': [{'charge': 'crossOccitan', 't': 'purpure', 'p': 'k', 'size': 0.7}, {'charge': 'billet', 't': 'argent', 'p': 'n', 'size': 0.7}], 'shield': 'round'}","[1430.125, 485.375]",True
113,114,8,1495,0,Aepia,Land,Aepia Land,#f99b87,"{'t1': 'gules', 'ordinaries': [{'ordinary': 'cross', 't': 'argent', 'line': 'straight'}], 'charges': [{'charge': 'goat', 't': 'azure', 'p': 'behdf', 't2': 'azure', 't3': 'azure', 'size': 0.3}], 'shield': 'boeotian'}","[1222.125, 695.625]",
114,115,8,1796,0,Naupha,Clan,Naupha Clan,#f2a58c,"{'t1': 'azure', 'ordinaries': [{'ordinary': 'bordure', 't': 'or'}, {'ordinary': 'canton', 't': 'or'}], 'charges': [{'charge': 'scalesHanging', 't': 'azure', 'p': 'ABCDEFGHIJKL', 'size': 0.18}, {'charge': 'serpent', 't': 'gules', 'p': 'y', 'size': 0.5}], 'shield': 'boeotian'}","[1154.8833333333334, 647.5385416666667]",
115,116,9,1556,0,Vilatumia,Territory,Vilatumia Territory,#bdd3bf,"{'t1': 'argent', 'charges': [{'charge': 'inescutcheon', 't': 'gules', 'p': 'bcpqh', 'size': 0.5}, {'charge': 'heart', 't': 'or', 'p': 'bcpqh', 'size': 0.25}, {'charge': 'goutte', 't': 'or', 'p': 'y', 'size': 0.5}], 'ordinaries': [{'ordinary': 'canton', 't': 'vert'}], 'shield': 'roman'}","[965.7527352297593, 479.4879649890591]",True
116,117,10,1987,0,Laureski,Territory,Laureski Territory,#fa90e6,"{'t1': 'argent', 'charges': [{'charge': 'eagleTwoHeads', 't': 'gules', 'p': 'jln', 't2': 'gules', 't3': 'gules', 'size': 0.7}], 'shield': 'pavise'}","[1049.0625, 601.8125]",
117,118,10,2716,0,Laulobia,Territory,Laulobia Territory,#ceabf0,"{'t1': 'azure', 'ordinaries': [{'ordinary': 'pallReversed', 't': 'argent'}], 'charges': [{'charge': 'crossHummetty', 't': 'or', 'p': 'acz', 'size': 0.4}], 'shield': 'roman'}",,True
118,119,11,4411,385,Matrix,Islands,Matrix Islands,#baff6c,"{'t1': 'sable', 'charges': [{'charge': 'ladybird', 't': 'or', 'p': 'e', 't2': 'argent', 't3': 'or', 'size': 1.4}, {'charge': 'lozenge', 't': 'azure', 'p': 'y', 'size': 0.5}], 'ordinaries': [{'ordinary': 'canton', 't': 'argent'}], 'shield': 'roman'}","[810.875, 232.875]",
119,120,11,2369,0,Bashandisia,Region,Bashandisia Region,#ebeb59,"{'t1': 'purpure', 'charges': [{'charge': 'lozenge', 't': 'argent', 'p': 'e', 'size': 1.5}], 'shield': 'round'}","[897.5625, 551.5625]",
120,121,11,3141,0,Vencuria,Territory,Vencuria Territory,#e1da72,"{'t1': 'or', 'ordinaries': [{'ordinary': 'bordure', 't': 'gules'}, {'ordinary': 'canton', 't': 'azure'}], 'charges': [{'charge': 'angel', 't': 'or', 'p': 'ABCDEFGHIJKL', 't2': 'or', 'size': 0.18}, {'charge': 'lozenge', 't': 'argent', 'p': 'y', 'size': 0.5}], 'shield': 'roman'}","[663.375, 448.125]",
121,122,12,1678,0,Godinlunia,Territory,Godinlunia Territory,#ffff43,"{'t1': 'or', 'charges': [{'charge': 'raven', 't': 'sable', 'p': 'ln', 't2': 'gules', 'size': 0.7}, {'charge': 'skeleton', 't': 'or', 'p': 'y', 'size': 0.5}], 'ordinaries': [{'ordinary': 'canton', 't': 'azure'}], 'shield': 'round'}","[626.4375, 495.4375]",True
122,123,13,1893,83,Hakousia,Tribe,Hakousia Tribe,#77fab9,"{'t1': 'sable', 'charges': [{'charge': 'apple', 't': 'argent', 'p': 'e', 't2': 'argent', 'size': 1.5}], 'shield': 'boeotian'}","[1126.21875, 670.90625]",
123,124,15,2385,0,Akasenmaa,Land,Akasenmaa Land,#a2cfdd,"{'t1': 'azure', 'ordinaries': [{'ordinary': 'bordure', 't': 'or'}, {'ordinary': 'canton', 't': 'argent'}], 'charges': [{'charge': 'hindStatant', 't': 'azure', 'p': 'ABCDEFGHIJKL', 't2': 'azure', 'size': 0.18}, {'charge': 'trowel', 't': 'sable', 'p': 'y', 'size': 0.5}], 'shield': 'pavise'}","[1137.359375, 520.046875]",
124,125,18,3381,0,Rakaki,Clan,Rakaki Clan,#bcc4a9,"{'t1': 'argent', 'charges': [{'charge': 'garb', 't': 'or', 'p': 'jln', 't2': 'or', 'size': 0.7}], 'shield': 'pavise'}","[1248.625, 407.625]",
125,126,19,4468,0,Dinis,Island,Dinis Island,#b5b7c2,"{'t1': 'gules', 'ordinaries': [{'ordinary': 'chief', 't': 'argent', 'line': 'straight'}, {'ordinary': 'canton', 't': 'argent'}], 'charges': [{'charge': 'mullet6Pierced', 't': 'gules', 'p': 'bc', 'size': 0.5}, {'charge': 'goutte', 't': 'azure', 'p': 'y', 'size': 0.5}], 'shield': 'roman'}",,True
