,,,,Political,Political,Political,Infrastructure,Infrastructure,Infrastructure,Infrastructure,Infrastructure,Infrastructure,Infrastructure,Infrastructure,Nature,Population,Population,Population,Population,Population,Citizens,Citizens,Citizens,Citizens,Citizens,Citizens,Citizens,Citizens,Consumption,Consumption,Production,Production,Net,Net,Urban,Urban,Urban,Urban,Farmland,Farmland,Farmland,Farmland
,,,,Characteristics,Characteristics,Characteristics,Network,Network,Buildings,Buildings,Buildings,Buildings,Buildings,Buildings,Characteristics,Total,Total,Total,Total,Total,Nr,Nr,Nr,Nr,Nr,Nr,Nr,Nr,Total,Total,Total,Total,Total,Total,Area,Area,Side,Side,Area,Area,Side,Side
,,,,Culture,Religion,Type,road,crossroad,Capital,Port,Castle,Market,Church,Shanty Town,Biome,Heads,Quartier min,Quartier max,Used Quartiers,Free Quartiers,Farmer,Fisherman,Hunter,Craftsman,Tradesman,Churchman,Clerk,Soldier,Food,Gold,Food,Gold,Food,Gold,Min (ha),Max (ha),Min (ha),Max (ha),Min (ha),Max (ha),Min (ha),Max (ha)
state,province,name,i,,,,,,,,,,,,,,,,,,,,,,,,,,,,,,,,,,,,,,,
Shushjia,Tunaleoy,Parabriz,1.0,Persian,"Persian
Deities",Generic,5.0,0.0,1.0,0.0,1.0,1.0,1.0,1.0,Wetland,25742.0,42,25,34.0,-0.5,10.0,4.0,1.0,6.0,7.0,2.0,2.0,2.0,-34.0,-6.0,29.5,20.0,63.5,26.0,17.0,129.0,5.0,12.0,25742.0,51484.0,161.0,227.0
Fasasania,Shahrdestan,Fasasan,2.0,Scythian,"Scythian
Forefathers",Naval,5.0,0.0,1.0,1.0,1.0,1.0,0.0,0.0,Savanna,12568.0,20,12,16.0,0.0,4.0,3.0,0.0,3.0,3.0,1.0,1.0,1.0,-16.0,-3.0,14.0,9.0,30.0,12.0,8.0,63.0,3.0,8.0,12568.0,25136.0,113.0,159.0
Shahia,Ahyatalia,Shah,3.0,Persian,"Helbiaion
Religion",Generic,5.0,0.0,1.0,0.0,1.0,1.0,0.0,0.0,Wetland,10081.0,16,10,14.0,-1.0,4.0,2.0,0.0,2.0,3.0,1.0,1.0,1.0,-14.0,-3.0,12.0,8.0,26.0,11.0,7.0,51.0,3.0,8.0,10081.0,20162.0,101.0,142.0
Chamia,Shustan,Narififi,4.0,Persian,"Persian
Deities",Generic,5.0,0.0,1.0,0.0,1.0,1.0,0.0,0.0,"Tropical
forest",15541.0,25,15,20.0,0.0,6.0,2.0,1.0,4.0,4.0,1.0,1.0,1.0,-20.0,-3.0,17.5,12.0,37.5,15.0,10.0,78.0,4.0,9.0,15541.0,31082.0,125.0,177.0
Pali,Ruolalamia,Dastgerd,5.0,Persian,"Helbiaion
Religion",Generic,5.0,0.0,1.0,0.0,1.0,1.0,0.0,0.0,"Tropical
rainforest",15263.0,25,15,20.0,0.0,6.0,2.0,1.0,4.0,4.0,1.0,1.0,1.0,-20.0,-3.0,17.5,12.0,37.5,15.0,10.0,77.0,4.0,9.0,15263.0,30526.0,124.0,175.0
Jepsa,Menaipia,Oitsa,6.0,Estian,"Estian
Spirits",Naval,0.0,0.0,1.0,1.0,1.0,1.0,0.0,0.0,"Temperate
forest",9057.0,15,9,12.0,0.0,3.0,2.0,0.0,2.0,2.0,1.0,1.0,1.0,-12.0,-3.0,10.0,6.0,22.0,9.0,6.0,46.0,3.0,7.0,9057.0,18114.0,96.0,135.0
Tyrianti,Askromepios,Golanag,7.0,Hellenic,"Helbiaion
Religion",Naval,6.0,0.0,1.0,1.0,1.0,1.0,0.0,0.0,"Tropical
rainforest",4710.0,7,4,4.0,1.5,1.0,1.0,0.0,1.0,1.0,0.0,0.0,0.0,-4.0,0.0,4.0,3.0,8.0,3.0,3.0,24.0,2.0,5.0,4710.0,9420.0,69.0,98.0
Hetos,Troyrosia,Sapala,8.0,Hellenic,"Helbiaion
Religion",Naval,6.0,0.0,1.0,1.0,1.0,1.0,1.0,1.0,"Tropical
forest",38421.0,64,38,51.0,0.0,12.0,10.0,1.0,9.0,10.0,3.0,3.0,3.0,-51.0,-9.0,45.5,29.0,96.5,38.0,25.0,193.0,5.0,14.0,38421.0,76842.0,197.0,278.0
Druriria,Hoskog,Boviataci,9.0,Roman,"Roman
Shamanism",Naval,5.0,0.0,1.0,9.0,1.0,0.0,0.0,0.0,"Temperate
forest",4515.0,7,4,4.0,1.5,1.0,1.0,0.0,1.0,1.0,0.0,0.0,0.0,-4.0,0.0,4.0,3.0,8.0,3.0,3.0,23.0,2.0,5.0,4515.0,9030.0,68.0,96.0
Vavala,Inaralas,Tajajar,10.0,Estian,"Roman
Shamanism",Naval,6.0,0.0,1.0,9.0,1.0,1.0,0.0,0.0,Grassland,13042.0,21,13,16.0,1.0,4.0,3.0,0.0,3.0,3.0,1.0,1.0,1.0,-16.0,-3.0,14.0,9.0,30.0,12.0,9.0,66.0,3.0,9.0,13042.0,26084.0,115.0,162.0
Cielumnia,Mansium,Besoscri,11.0,Roman,"Roman
Shamanism",Naval,5.0,0.0,1.0,8.0,1.0,1.0,0.0,0.0,"Temperate
forest",4596.0,7,4,4.0,1.5,1.0,1.0,0.0,1.0,1.0,0.0,0.0,0.0,-4.0,0.0,4.0,3.0,8.0,3.0,3.0,23.0,2.0,5.0,4596.0,9192.0,68.0,96.0
Sasburgia,Frohngen,Opel,12.0,Germanic,Germanicism,Naval,6.0,0.0,1.0,1.0,1.0,1.0,0.0,0.0,"Temperate
forest",27525.0,45,27,35.0,1.0,8.0,7.0,1.0,6.0,7.0,2.0,2.0,2.0,-35.0,-6.0,31.5,20.0,66.5,26.0,18.0,138.0,5.0,12.0,27525.0,55050.0,166.0,235.0
Theonia,Psia,Sores,13.0,Hellenic,"Helbiaion
Religion",Generic,5.0,0.0,1.0,0.0,1.0,1.0,0.0,0.0,"Tropical
forest",12946.0,21,12,16.0,0.5,5.0,2.0,0.0,3.0,3.0,1.0,1.0,1.0,-16.0,-3.0,14.0,9.0,30.0,12.0,9.0,65.0,3.0,9.0,12946.0,25892.0,114.0,161.0
Joentara,Loijalia,Kylmi,14.0,Estian,"Estian
Spirits",Naval,6.0,0.0,1.0,1.0,1.0,1.0,0.0,0.0,"Temperate
rainforest",4302.0,7,4,4.0,1.5,1.0,1.0,0.0,1.0,1.0,0.0,0.0,0.0,-4.0,0.0,4.0,3.0,8.0,3.0,3.0,22.0,2.0,5.0,4302.0,8604.0,66.0,93.0
Eljanmaa,Jepsapaki,Kohtaki,15.0,Estian,"Estian
Spirits",Naval,6.0,0.0,1.0,1.0,1.0,1.0,1.0,0.0,"Temperate
forest",35200.0,58,35,47.0,-0.5,11.0,9.0,1.0,8.0,9.0,3.0,3.0,3.0,-47.0,-9.0,41.5,26.0,88.5,35.0,22.0,176.0,5.0,14.0,35200.0,70400.0,188.0,266.0
Thropebeia,Hyeleuthos,Atropesia,16.0,Hellenic,"Helbiaion
Religion",Naval,6.0,0.0,1.0,1.0,1.0,1.0,0.0,1.0,Wetland,25699.0,42,25,35.0,-1.5,8.0,7.0,1.0,6.0,7.0,2.0,2.0,2.0,-35.0,-6.0,31.5,20.0,66.5,26.0,17.0,129.0,5.0,12.0,25699.0,51398.0,161.0,227.0
Ziyeh,Talkhast,Fuzeylos,17.0,Persian,"Persian
Deities",Hunting,5.0,0.0,1.0,0.0,1.0,1.0,0.0,0.0,"Tropical
rainforest",3223.0,5,3,3.0,1.0,1.0,0.0,0.0,1.0,1.0,0.0,0.0,0.0,-3.0,0.0,2.0,3.0,5.0,3.0,3.0,17.0,2.0,5.0,3223.0,6446.0,57.0,81.0
Mulurikia,Rakka,Nikahai,18.0,Estian,"Roman
Deities",Naval,6.0,0.0,1.0,1.0,1.0,1.0,0.0,0.0,"Temperate
rainforest",4918.0,8,4,4.0,2.0,1.0,1.0,0.0,1.0,1.0,0.0,0.0,0.0,-4.0,0.0,4.0,3.0,8.0,3.0,4.0,25.0,2.0,5.0,4918.0,9836.0,71.0,100.0
Naplaria,Vaamali,Kilvala,19.0,Estian,"Vaamalese
Church",Naval,6.0,0.0,1.0,1.0,1.0,1.0,0.0,0.0,"Temperate
forest",14154.0,23,14,19.0,-0.5,4.0,4.0,1.0,3.0,4.0,1.0,1.0,1.0,-19.0,-3.0,17.5,11.0,36.5,14.0,9.0,71.0,3.0,9.0,14154.0,28308.0,119.0,169.0
Tapocia,Thebaizep,Oncheleu,20.0,Hellenic,"Helbiaion
Religion",Generic,5.0,0.0,1.0,0.0,1.0,1.0,1.0,1.0,"Tropical
forest",38762.0,64,38,51.0,0.0,15.0,6.0,2.0,9.0,10.0,3.0,3.0,3.0,-51.0,-9.0,45.0,29.0,96.0,38.0,25.0,194.0,5.0,14.0,38762.0,77524.0,197.0,279.0
Bukania,Shahvabadia,Bukan,21.0,Persian,"Helbiaion
Religion",Generic,5.0,0.0,1.0,0.0,1.0,1.0,1.0,1.0,"Temperate
forest",36991.0,61,36,49.0,-0.5,14.0,6.0,1.0,9.0,10.0,3.0,3.0,3.0,-49.0,-9.0,41.5,29.0,90.5,38.0,24.0,185.0,5.0,14.0,36991.0,73982.0,193.0,272.0
Vebutegia,Cantego,Pulbium,22.0,Roman,"Roman
Shamanism",Naval,6.0,0.0,1.0,1.0,1.0,1.0,0.0,0.0,Grassland,17407.0,29,17,23.0,0.0,5.0,5.0,1.0,4.0,5.0,1.0,1.0,1.0,-23.0,-3.0,21.5,14.0,44.5,17.0,11.0,88.0,4.0,10.0,17407.0,34814.0,132.0,187.0
Riririgen,Cantego,Vindautum,23.0,Roman,"Roman
Shamanism",Naval,6.0,0.0,1.0,1.0,1.0,0.0,0.0,0.0,"Temperate
forest",5589.0,9,5,5.0,2.0,2.0,1.0,0.0,1.0,1.0,0.0,0.0,0.0,-5.0,0.0,6.0,3.0,11.0,3.0,4.0,28.0,2.0,6.0,5589.0,11178.0,75.0,106.0
Mulurikia,Humaa,Siunlinjo,24.0,Estian,"Estian
Spirits",Hunting,1.0,0.0,0.0,0.0,0.0,1.0,0.0,0.0,"Temperate
forest",2170.0,3,2,1.0,1.5,1.0,0.0,0.0,0.0,0.0,0.0,0.0,0.0,-1.0,0.0,2.0,0.0,3.0,0.0,2.0,11.0,2.0,4.0,2170.0,4340.0,47.0,66.0
Sasburgia,Hinzenburg,Breitter,25.0,Germanic,Germanicism,Hunting,1.0,0.0,0.0,0.0,1.0,0.0,0.0,0.0,"Temperate
forest",2424.0,4,2,2.0,1.0,1.0,0.0,0.0,0.0,1.0,0.0,0.0,0.0,-2.0,0.0,2.0,2.0,4.0,2.0,2.0,13.0,2.0,4.0,2424.0,4848.0,50.0,70.0
Druriria,Inaralas,Ebutugusca,26.0,Roman,"Roman
Shamanism",Lake,5.0,0.0,0.0,0.0,0.0,1.0,0.0,0.0,Grassland,5570.0,9,5,5.0,2.0,2.0,1.0,0.0,1.0,1.0,0.0,0.0,0.0,-5.0,0.0,6.0,3.0,11.0,3.0,4.0,28.0,2.0,6.0,5570.0,11140.0,75.0,106.0
Jepsa,Kehmamen,Nuvuspo,27.0,Estian,"Estian
Spirits",Naval,6.0,0.0,0.0,1.0,1.0,1.0,1.0,0.0,"Temperate
forest",23787.0,39,23,31.0,0.0,7.0,6.0,1.0,5.0,6.0,2.0,2.0,2.0,-31.0,-6.0,27.5,17.0,58.5,23.0,15.0,119.0,4.0,11.0,23788.0,47574.0,155.0,219.0
Bukania,Shahvabadia,Arin,28.0,Persian,"Helbiaion
Religion",Hunting,1.0,0.0,0.0,0.0,0.0,0.0,0.0,0.0,"Tropical
rainforest",1571.0,2,1,1.0,0.5,1,0.0,0.0,0.0,0.0,0.0,0.0,0.0,-1.0,0.0,2.0,0.0,3.0,0.0,1.0,8.0,1.0,3.0,1571.0,3142.0,40.0,57.0
Mulurikia,Herviarau,Miimaa,29.0,Estian,"Estian
Spirits",Generic,5.0,0.0,0.0,0.0,1.0,1.0,0.0,0.0,"Temperate
forest",16808.0,28,16,22.0,0.0,6.0,3.0,1.0,4.0,5.0,1.0,1.0,1.0,-22.0,-3.0,19.5,14.0,41.5,17.0,11.0,85.0,4.0,10.0,16808.0,33616.0,130.0,184.0
Tapocia,Thebaizep,Olymeryth,30.0,Hellenic,"Hellenic
Pantheon",Naval,2.0,0.0,0.0,1.0,0.0,0.0,0.0,0.0,"Tropical
forest",2631.0,4,2,4.0,-1.0,1.0,1.0,0.0,1.0,1.0,0.0,0.0,0.0,-4.0,0.0,4.0,3.0,8.0,3.0,2.0,14.0,2.0,4.0,2631.0,5262.0,52.0,73.0
Theonia,Rautmaa,Sicearnas,31.0,Hellenic,"Helbiaion
Religion",Hunting,1.0,0.0,0.0,0.0,0.0,1.0,0.0,0.0,"Temperate
forest",5861.0,9,5,6.0,1.0,2.0,1.0,1.0,1.0,1.0,0.0,0.0,0.0,-6.0,0.0,7.5,3.0,13.5,3.0,4.0,30.0,2.0,6.0,5861.0,11722.0,77.0,109.0
Cielumnia,Ridunumia,Plategium,32.0,Roman,"Roman
Shamanism",Hunting,1.0,0.0,0.0,0.0,0.0,1.0,0.0,0.0,"Temperate
forest",4461.0,7,4,5.0,0.5,2.0,1.0,0.0,1.0,1.0,0.0,0.0,0.0,-5.0,0.0,6.0,3.0,11.0,3.0,3.0,23.0,2.0,5.0,4461.0,8922.0,67.0,95.0
Cielumnia,Pulbium,Durgopori,33.0,Roman,"Roman
Shamanism",Hunting,5.0,0.0,0.0,0.0,0.0,1.0,0.0,0.0,"Temperate
forest",5007.0,8,5,6.0,0.5,2.0,1.0,1.0,1.0,1.0,0.0,0.0,0.0,-6.0,0.0,7.5,3.0,13.5,3.0,4.0,26.0,2.0,6.0,5007.0,10014.0,71.0,101.0
Tapocia,Thebaizep,Acharta,34.0,Hellenic,"Helbiaion
Religion",Naval,2.0,0.0,0.0,1.0,0.0,1.0,0.0,0.0,"Tropical
forest",3700.0,6,3,4.0,0.5,1.0,1.0,0.0,1.0,1.0,0.0,0.0,0.0,-4.0,0.0,4.0,3.0,8.0,3.0,3.0,19.0,2.0,5.0,3700.0,7400.0,61.0,87.0
Jepsa,Seilumamas,Kuntioge,35.0,Estian,"Estian
Spirits",Hunting,1.0,0.0,0.0,0.0,0.0,0.0,0.0,0.0,"Temperate
rainforest",3445.0,5,3,3.0,1.0,1.0,0.0,0.0,1.0,1.0,0.0,0.0,0.0,-3.0,0.0,2.0,3.0,5.0,3.0,3.0,18.0,2.0,5.0,3445.0,6890.0,59.0,84.0
Sasburgia,Wutacland,Fredenmunsa,36.0,Germanic,Germanicism,Generic,5.0,0.0,0.0,0.0,1.0,1.0,0.0,0.0,"Temperate
forest",15786.0,26,15,20.0,0.5,6.0,2.0,1.0,4.0,4.0,1.0,1.0,1.0,-20.0,-3.0,17.5,12.0,37.5,15.0,10.0,79.0,4.0,9.0,15786.0,31572.0,126.0,178.0
Eljanmaa,Lepa,Mautiojarmu,37.0,Estian,"Estian
Spirits",Hunting,1.0,0.0,0.0,0.0,0.0,1.0,0.0,0.0,"Temperate
forest",1790.0,2,1,1.0,0.5,1,0.0,0.0,0.0,0.0,0.0,0.0,0.0,-1.0,0.0,2.0,0.0,3.0,0.0,2.0,9.0,2.0,3.0,1790.0,3580.0,43.0,60.0
Sasburgia,Pulbium,Hauheterswe,38.0,Germanic,"Roman
Shamanism",Naval,2.0,0.0,0.0,1.0,0.0,1.0,0.0,0.0,Wetland,20422.0,34,20,28.0,-1.0,6.0,5.0,1.0,5.0,5.0,2.0,2.0,2.0,-28.0,-6.0,23.5,15.0,51.5,21.0,13.0,103.0,4.0,11.0,20422.0,40844.0,143.0,203.0
Sasburgia,Fredenmunsa,Karlsauern,39.0,Germanic,Germanicism,Generic,1.0,0.0,0.0,0.0,0.0,1.0,0.0,0.0,"Temperate
forest",13485.0,22,13,18.0,-0.5,5.0,2.0,1.0,3.0,4.0,1.0,1.0,1.0,-18.0,-3.0,15.5,11.0,33.5,14.0,9.0,68.0,3.0,9.0,13485.0,26970.0,117.0,165.0
Naplaria,Nogesihi,Koula,40.0,Estian,"Vaamalese
Church",Naval,2.0,0.0,0.0,1.0,0.0,1.0,1.0,0.0,"Temperate
rainforest",11925.0,19,11,15.0,0.0,3.0,3.0,0.0,3.0,3.0,1.0,1.0,1.0,-15.0,-3.0,12.0,9.0,27.0,12.0,8.0,60.0,3.0,8.0,11925.0,23850.0,110.0,155.0
Sasburgia,Weilerland,Enzheim,41.0,Germanic,Germanicism,Naval,2.0,0.0,0.0,1.0,0.0,1.0,0.0,0.0,"Temperate
forest",2661.0,4,2,4.0,-1.0,1.0,1.0,0.0,1.0,1.0,0.0,0.0,0.0,-4.0,0.0,4.0,3.0,8.0,3.0,2.0,14.0,2.0,4.0,2661.0,5322.0,52.0,73.0
Chamia,Dugedia,Komeh,42.0,Persian,"Persian
Deities",Highland,1.0,0.0,0.0,0.0,0.0,1.0,0.0,0.0,"Temperate
forest",1514.0,2,1,1.0,0.5,1,0.0,0.0,0.0,0.0,0.0,0.0,0.0,-1.0,0.0,2.0,0.0,3.0,0.0,1.0,8.0,1.0,3.0,1514.0,3028.0,39.0,56.0
Mulurikia,Druliobria,Aemara,43.0,Roman,"Roman
Deities",Naval,2.0,0.0,0.0,1.0,0.0,0.0,0.0,0.0,"Temperate
rainforest",10662.0,17,10,14.0,-0.5,3.0,3.0,0.0,2.0,3.0,1.0,1.0,1.0,-14.0,-3.0,12.0,8.0,26.0,11.0,7.0,54.0,3.0,8.0,10662.0,21324.0,104.0,147.0
Eljanmaa,Lepa,Jepsapaki,44.0,Estian,"Estian
Spirits",Generic,1.0,0.0,0.0,0.0,1.0,0.0,0.0,0.0,"Temperate
forest",15908.0,26,15,20.0,0.5,6.0,2.0,1.0,4.0,4.0,1.0,1.0,1.0,-20.0,-3.0,17.5,12.0,37.5,15.0,10.0,80.0,4.0,9.0,15908.0,31816.0,127.0,179.0
Sasburgia,Hinzenburg,Frexaufin,45.0,Germanic,Germanicism,Hunting,1.0,0.0,0.0,0.0,0.0,0.0,0.0,0.0,"Temperate
rainforest",3402.0,5,3,3.0,1.0,1.0,0.0,0.0,1.0,1.0,0.0,0.0,0.0,-3.0,0.0,2.0,3.0,5.0,3.0,3.0,18.0,2.0,5.0,3402.0,6804.0,59.0,83.0
Ziyeh,Chayeri,Nashamnan,46.0,Persian,"Persian
Deities",Generic,5.0,0.0,0.0,0.0,0.0,1.0,0.0,0.0,Wetland,6242.0,10,6,6.0,2.0,2.0,1.0,0.0,1.0,2.0,0.0,0.0,0.0,-6.0,0.0,6.0,5.0,12.0,5.0,4.0,32.0,2.0,6.0,6243.0,12484.0,80.0,112.0
Sasburgia,Lelia,Tieben,47.0,Germanic,"Old
Germanic
Beliefs",Naval,1.0,0.0,0.0,1.0,0.0,1.0,0.0,0.0,"Tropical
forest",9720.0,16,9,12.0,0.5,3.0,2.0,0.0,2.0,2.0,1.0,1.0,1.0,-12.0,-3.0,10.0,6.0,22.0,9.0,7.0,49.0,3.0,7.0,9720.0,19440.0,99.0,140.0
Bukania,Nashehteh,Hayeh,48.0,Persian,"Helbiaion
Religion",Hunting,1.0,0.0,0.0,0.0,0.0,1.0,0.0,0.0,"Temperate
forest",5596.0,9,5,6.0,1.0,2.0,1.0,1.0,1.0,1.0,0.0,0.0,0.0,-6.0,0.0,7.5,3.0,13.5,3.0,4.0,28.0,2.0,6.0,5596.0,11192.0,75.0,106.0
Fasasania,Zran,Turun,49.0,Scythian,"Scythian
Forefathers",Naval,2.0,0.0,0.0,1.0,0.0,1.0,0.0,0.0,"Tropical
forest",1615.0,2,1,1.0,0.5,1,0.0,0.0,0.0,0.0,0.0,0.0,0.0,-1.0,0.0,2.0,0.0,3.0,0.0,2.0,9.0,2.0,3.0,1616.0,3230.0,41.0,57.0
Shushjia,Tunaleoy,Echeh,50.0,Persian,"Persian
Deities",Hunting,1.0,0.0,0.0,0.0,0.0,1.0,0.0,0.0,"Tropical
rainforest",1969.0,3,1,1.0,1.0,1.0,0.0,0.0,0.0,0.0,0.0,0.0,0.0,-1.0,0.0,2.0,0.0,3.0,0.0,2.0,10.0,2.0,4.0,1969.0,3938.0,45.0,63.0
Sasburgia,Pulbium,Geitovium,51.0,Roman,"Roman
Shamanism",Hunting,1.0,0.0,0.0,0.0,0.0,1.0,0.0,0.0,Grassland,1684.0,2,1,1.0,0.5,1,0.0,0.0,0.0,0.0,0.0,0.0,0.0,-1.0,0.0,2.0,0.0,3.0,0.0,2.0,9.0,2.0,3.0,1684.0,3368.0,42.0,59.0
Joentara,Loijalia,Yvaski,52.0,Estian,"Estian
Spirits",Generic,5.0,0.0,0.0,0.0,0.0,1.0,0.0,0.0,"Temperate
rainforest",9975.0,16,9,13.0,-0.5,4.0,1.0,0.0,2.0,3.0,1.0,1.0,1.0,-13.0,-3.0,10.0,8.0,23.0,11.0,7.0,50.0,3.0,8.0,9975.0,19950.0,100.0,142.0
Mulurikia,Atropesia,Olalumapari,53.0,Estian,"Estian
Spirits",Generic,1.0,0.0,0.0,0.0,0.0,1.0,0.0,0.0,"Temperate
forest",10237.0,17,10,14.0,-0.5,4.0,2.0,0.0,2.0,3.0,1.0,1.0,1.0,-14.0,-3.0,12.0,8.0,26.0,11.0,7.0,52.0,3.0,8.0,10237.0,20474.0,102.0,144.0
Mulurikia,Herviarau,Oviila,54.0,Estian,"Estian
Spirits",Hunting,5.0,0.0,0.0,0.0,0.0,1.0,0.0,0.0,"Temperate
forest",2039.0000000000002,3,2,1.0,1.5,1.0,0.0,0.0,0.0,0.0,0.0,0.0,0.0,-1.0,0.0,2.0,0.0,3.0,0.0,2.0,11.0,2.0,4.0,2040.0,4079.0,46.0,64.0
Sasburgia,Hauheterswe,Adnicrem,55.0,Roman,"Roman
Shamanism",Generic,1.0,0.0,0.0,0.0,1.0,1.0,0.0,0.0,"Temperate
forest",18657.0,31,18,23.0,1.5,7.0,3.0,1.0,4.0,5.0,1.0,1.0,1.0,-23.0,-3.0,21.5,14.0,44.5,17.0,12.0,94.0,4.0,10.0,18657.0,37314.0,137.0,194.0
Joentara,Kehmamen,Hetkavere,56.0,Estian,"Estian
Spirits",Generic,5.0,0.0,0.0,0.0,1.0,1.0,0.0,0.0,Wetland,16410.0,27,16,21.0,0.5,6.0,3.0,1.0,4.0,4.0,1.0,1.0,1.0,-21.0,-3.0,19.5,12.0,40.5,15.0,11.0,83.0,4.0,10.0,16410.0,32820.0,129.0,182.0
Cielumnia,Ridunumia,Drurinetia,57.0,Roman,"Roman
Shamanism",Naval,2.0,0.0,0.0,1.0,0.0,1.0,0.0,0.0,"Temperate
forest",3200.0,5,3,4.0,0.0,1.0,1.0,0.0,1.0,1.0,0.0,0.0,0.0,-4.0,0.0,4.0,3.0,8.0,3.0,2.0,16.0,2.0,4.0,3200.0,6400.0,57.0,80.0
Ziyeh,Chayeri,Tepemiraz,58.0,Persian,"Persian
Deities",Generic,1.0,0.0,0.0,0.0,1.0,1.0,0.0,0.0,Wetland,6375.0,10,6,6.0,2.0,2.0,1.0,0.0,1.0,2.0,0.0,0.0,0.0,-6.0,0.0,6.0,5.0,12.0,5.0,4.0,32.0,2.0,6.0,6375.0,12750.0,80.0,113.0
Chamia,Dugedia,Zransara,59.0,Persian,"Persian
Deities",Generic,5.0,0.0,0.0,0.0,1.0,1.0,0.0,0.0,"Tropical
forest",24595.0,40,24,33.0,-1.0,9.0,4.0,1.0,6.0,7.0,2.0,2.0,2.0,-33.0,-6.0,27.5,20.0,60.5,26.0,16.0,123.0,4.0,12.0,24595.0,49190.0,157.0,222.0
Bukania,Dugedia,Rozveh,60.0,Persian,"Persian
Deities",Generic,1.0,0.0,0.0,0.0,0.0,1.0,0.0,0.0,"Temperate
forest",8371.0,13,8,11.0,-0.5,3.0,1.0,0.0,2.0,2.0,1.0,1.0,1.0,-11.0,-3.0,8.0,6.0,19.0,9.0,6.0,42.0,3.0,7.0,8371.0,16742.0,92.0,130.0
Eljanmaa,Vaia,Lepa,61.0,Estian,"Estian
Spirits",Generic,1.0,0.0,0.0,0.0,0.0,1.0,0.0,0.0,"Temperate
forest",14077.0,23,14,18.0,0.5,5.0,2.0,1.0,3.0,4.0,1.0,1.0,1.0,-18.0,-3.0,15.5,11.0,33.5,14.0,9.0,71.0,3.0,9.0,14077.0,28154.0,119.0,168.0
Ziyeh,Shemshania,Talkhast,62.0,Persian,"Persian
Deities",Generic,1.0,0.0,0.0,0.0,1.0,1.0,0.0,0.0,"Tropical
forest",16553.0,27,16,21.0,0.5,6.0,3.0,1.0,4.0,4.0,1.0,1.0,1.0,-21.0,-3.0,19.5,12.0,40.5,15.0,11.0,83.0,4.0,10.0,16553.0,33106.0,129.0,182.0
Sasburgia,Eisenbach,Opfheim,63.0,Germanic,Germanicism,Generic,1.0,0.0,0.0,0.0,0.0,1.0,0.0,0.0,"Tropical
forest",14654.0,24,14,19.0,0.0,6.0,2.0,1.0,3.0,4.0,1.0,1.0,1.0,-19.0,-3.0,17.5,11.0,36.5,14.0,10.0,74.0,4.0,9.0,14654.0,29308.0,122.0,172.0
Shushjia,Fasasan,Farok,64.0,Persian,"Persian
Deities",Generic,5.0,0.0,0.0,0.0,0.0,0.0,0.0,0.0,Wetland,8273.0,13,8,11.0,-0.5,3.0,1.0,0.0,2.0,2.0,1.0,1.0,1.0,-11.0,-3.0,8.0,6.0,19.0,9.0,6.0,42.0,3.0,7.0,8273.0,16546.0,91.0,129.0
Cielumnia,Vilbium,Nigripona,65.0,Roman,"Roman
Shamanism",Naval,6.0,0.0,0.0,1.0,0.0,0.0,0.0,0.0,"Temperate
forest",5012.0,8,5,4.0,2.5,1.0,1.0,0.0,1.0,1.0,0.0,0.0,0.0,-4.0,0.0,4.0,3.0,8.0,3.0,4.0,26.0,2.0,6.0,5012.0,10024.0,71.0,101.0
Tapocia,Pitherythro,Cypethos,66.0,Hellenic,"Helbiaion
Religion",Naval,2.0,0.0,0.0,1.0,0.0,1.0,0.0,0.0,"Tropical
rainforest",13634.0,22,13,18.0,-0.5,4.0,4.0,0.0,3.0,4.0,1.0,1.0,1.0,-18.0,-3.0,16.0,11.0,34.0,14.0,9.0,69.0,3.0,9.0,13634.0,27268.0,117.0,166.0
Vebutegia,Vilbium,Villelocen,67.0,Roman,"Roman
Shamanism",Naval,6.0,0.0,0.0,1.0,0.0,1.0,0.0,0.0,Wetland,7021.0,11,7,11.0,-2.0,2.0,2.0,0.0,2.0,2.0,1.0,1.0,1.0,-11.0,-3.0,8.0,6.0,19.0,9.0,5.0,36.0,3.0,6.0,7021.0,14042.0,84.0,119.0
Naplaria,Cantego,Nuorvi,68.0,Estian,"Roman
Shamanism",Hunting,1.0,0.0,0.0,0.0,0.0,1.0,1.0,0.0,"Temperate
forest",4609.0,7,4,5.0,0.5,2.0,1.0,0.0,1.0,1.0,0.0,0.0,0.0,-5.0,0.0,6.0,3.0,11.0,3.0,3.0,24.0,2.0,5.0,4609.0,9218.0,68.0,97.0
Tapocia,Cypethos,Trea,69.0,Celtic,"Celtic
Forefathers",Hunting,1.0,0.0,0.0,0.0,0.0,1.0,0.0,0.0,"Temperate
forest",1594.0,2,1,1.0,0.5,1,0.0,0.0,0.0,0.0,0.0,0.0,0.0,-1.0,0.0,2.0,0.0,3.0,0.0,1.0,8.0,1.0,3.0,1594.0,3188.0,40.0,57.0
Jepsa,Raplaki,Seilumamas,70.0,Estian,"Estian
Spirits",Generic,1.0,0.0,0.0,0.0,1.0,1.0,0.0,0.0,"Temperate
forest",12968.0,21,12,16.0,0.5,5.0,2.0,0.0,3.0,3.0,1.0,1.0,1.0,-16.0,-3.0,14.0,9.0,30.0,12.0,9.0,65.0,3.0,9.0,12968.0,25936.0,114.0,162.0
Cielumnia,Iuniumia,Vilpianum,71.0,Roman,"Roman
Shamanism",Hunting,1.0,0.0,0.0,0.0,0.0,1.0,0.0,0.0,"Temperate
forest",4406.0,7,4,5.0,0.5,2.0,1.0,0.0,1.0,1.0,0.0,0.0,0.0,-5.0,0.0,6.0,3.0,11.0,3.0,3.0,23.0,2.0,5.0,4406.0,8812.0,67.0,94.0
Sasburgia,Losterland,Schombachal,72.0,Germanic,"Old
Germanic
Beliefs",Generic,0.0,0.0,0.0,0.0,0.0,1.0,0.0,0.0,"Tropical
forest",13859.0,23,13,18.0,0.0,5.0,2.0,1.0,3.0,4.0,1.0,1.0,1.0,-18.0,-3.0,15.5,11.0,33.5,14.0,9.0,70.0,3.0,9.0,13859.0,27718.0,118.0,167.0
Tapocia,Cytholyntia,Thebaizep,73.0,Hellenic,"Helbiaion
Religion",Generic,1.0,0.0,0.0,0.0,0.0,1.0,0.0,1.0,"Temperate
forest",27665.0,46,27,36.0,0.5,11.0,4.0,1.0,6.0,8.0,2.0,2.0,2.0,-36.0,-6.0,31.5,22.0,67.5,28.0,18.0,139.0,5.0,12.0,27665.0,55330.0,167.0,236.0
Mulurikia,Kilvala,Viohtinenta,74.0,Estian,"Estian
Spirits",Hunting,1.0,0.0,0.0,0.0,0.0,1.0,0.0,0.0,"Temperate
rainforest",1855.0,3,1,1.0,1.0,1.0,0.0,0.0,0.0,0.0,0.0,0.0,0.0,-1.0,0.0,2.0,0.0,3.0,0.0,2.0,10.0,2.0,4.0,1855.0,3710.0,44.0,61.0
Tyrianti,Tenaigia,Askromepios,75.0,Hellenic,"Helbiaion
Religion",Naval,2.0,0.0,0.0,1.0,1.0,1.0,1.0,1.0,"Tropical
rainforest",67966.0,113,67,90.0,0.0,21.0,18.0,3.0,15.0,18.0,5.0,5.0,5.0,-90.0,-15.0,82.5,51.0,172.5,66.0,43.0,340.0,7.0,19.0,67966.0,135932.0,261.0,369.0
Fasasania,Dowlasimsia,Dudeshk,76.0,Scythian,"Scythian
Forefathers",Hunting,1.0,0.0,0.0,0.0,0.0,0.0,0.0,0.0,"Temperate
rainforest",1401.0,2,1,1.0,0.5,1,0.0,0.0,0.0,0.0,0.0,0.0,0.0,-1.0,0.0,2.0,0.0,3.0,0.0,1.0,8.0,1.0,3.0,1401.0,2802.0,38.0,53.0
Bukania,Hajdasirsia,Panakhunch,77.0,Persian,"Persian
Deities",Hunting,1.0,0.0,0.0,0.0,0.0,0.0,0.0,0.0,"Temperate
forest",4202.0,7,4,5.0,0.5,2.0,1.0,0.0,1.0,1.0,0.0,0.0,0.0,-5.0,0.0,6.0,3.0,11.0,3.0,3.0,22.0,2.0,5.0,4202.0,8404.0,65.0,92.0
Tyrianti,Cyzantibeth,Halalizi,78.0,Hellenic,"Helbiaion
Religion",Hunting,1.0,0.0,0.0,0.0,0.0,1.0,0.0,0.0,"Temperate
rainforest",1372.0,2,1,1.0,0.5,1,0.0,0.0,0.0,0.0,0.0,0.0,0.0,-1.0,0.0,2.0,0.0,3.0,0.0,1.0,7.0,1.0,3.0,1372.0,2744.0,38.0,53.0
Jepsa,Seilumamas,Vilva,79.0,Estian,"Estian
Spirits",River,0.0,0.0,0.0,0.0,0.0,1.0,0.0,0.0,"Temperate
forest",8646.0,14,8,12.0,-1.0,3.0,2.0,0.0,2.0,2.0,1.0,1.0,1.0,-12.0,-3.0,10.0,6.0,22.0,9.0,6.0,44.0,3.0,7.0,8646.0,17292.0,93.0,132.0
Jepsa,Menaipia,Kehmamen,80.0,Estian,"Estian
Spirits",Generic,1.0,0.0,0.0,0.0,0.0,1.0,0.0,0.0,"Temperate
forest",9144.0,15,9,12.0,0.0,4.0,1.0,0.0,2.0,2.0,1.0,1.0,1.0,-12.0,-3.0,10.0,6.0,22.0,9.0,6.0,46.0,3.0,7.0,9144.0,18288.0,96.0,136.0
Tyrianti,Troyros,Smyrmenos,81.0,Hellenic,"Helbiaion
Religion",Hunting,1.0,0.0,0.0,0.0,0.0,0.0,0.0,0.0,"Tropical
rainforest",2005.0,3,2,1.0,1.5,1.0,0.0,0.0,0.0,0.0,0.0,0.0,0.0,-1.0,0.0,2.0,0.0,3.0,0.0,2.0,11.0,2.0,4.0,2005.0,4010.0,45.0,64.0
Theonia,Pydrialeta,Lefka,82.0,Hellenic,"Helbiaion
Religion",Generic,1.0,0.0,0.0,0.0,0.0,1.0,0.0,0.0,"Tropical
forest",13552.0,22,13,18.0,-0.5,5.0,2.0,1.0,3.0,4.0,1.0,1.0,1.0,-18.0,-3.0,15.5,11.0,33.5,14.0,9.0,68.0,3.0,9.0,13552.0,27104.0,117.0,165.0
Theonia,Akasenmaa,Olissa,83.0,Hellenic,"Helbiaion
Religion",Highland,1.0,0.0,0.0,0.0,0.0,1.0,0.0,0.0,"Temperate
forest",1524.0,2,1,1.0,0.5,1,0.0,0.0,0.0,0.0,0.0,0.0,0.0,-1.0,0.0,2.0,0.0,3.0,0.0,1.0,8.0,1.0,3.0,1524.0,3048.0,40.0,56.0
Sasburgia,Fredenmunsa,Foredenberg,84.0,Germanic,Germanicism,Generic,1.0,0.0,0.0,0.0,0.0,1.0,0.0,0.0,"Temperate
forest",7819.0,13,7,11.0,-1.0,3.0,1.0,0.0,2.0,2.0,1.0,1.0,1.0,-11.0,-3.0,8.0,6.0,19.0,9.0,5.0,40.0,3.0,7.0,7819.0,15638.0,89.0,126.0
Bukania,Shahvabadia,Nabad,85.0,Persian,"Helbiaion
Religion",Hunting,5.0,0.0,0.0,0.0,0.0,1.0,0.0,0.0,"Temperate
forest",1913.0,3,1,1.0,1.0,1.0,0.0,0.0,0.0,0.0,0.0,0.0,0.0,-1.0,0.0,2.0,0.0,3.0,0.0,2.0,10.0,2.0,4.0,1913.0,3826.0,44.0,62.0
Cielumnia,Opel,Duravarea,86.0,Roman,"Scythian
Forefathers",Generic,1.0,0.0,0.0,0.0,0.0,1.0,0.0,0.0,Grassland,6007.0,10,6,6.0,2.0,2.0,1.0,0.0,1.0,2.0,0.0,0.0,0.0,-6.0,0.0,6.0,5.0,12.0,5.0,4.0,31.0,2.0,6.0,6007.0,12014.0,78.0,110.0
Naplaria,Koula,Vaamali,87.0,Estian,"Vaamalese
Church",Generic,1.0,0.0,0.0,0.0,0.0,1.0,1.0,1.0,"Temperate
forest",37827.0,63,37,50.0,0.0,15.0,6.0,1.0,9.0,10.0,3.0,3.0,3.0,-50.0,-9.0,43.5,29.0,93.5,38.0,24.0,190.0,5.0,14.0,37827.0,75654.0,195.0,276.0
Naplaria,Vaamali,Kaljavaave,88.0,Estian,"Vaamalese
Church",Hunting,1.0,0.0,0.0,0.0,0.0,1.0,0.0,0.0,"Temperate
forest",1667.0,2,1,1.0,0.5,1,0.0,0.0,0.0,0.0,0.0,0.0,0.0,-1.0,0.0,2.0,0.0,3.0,0.0,2.0,9.0,2.0,3.0,1667.0,3334.0,41.0,58.0
Cielumnia,Pulbium,Sirtis,89.0,Roman,"Roman
Shamanism",Generic,5.0,0.0,0.0,0.0,0.0,1.0,0.0,0.0,"Temperate
forest",26501.0,44,26,34.0,1.0,10.0,4.0,1.0,6.0,7.0,2.0,2.0,2.0,-34.0,-6.0,29.5,20.0,63.5,26.0,17.0,133.0,5.0,12.0,26502.0,53002.0,163.0,231.0
Tyrianti,Pulbium,Akhaionti,90.0,Hellenic,"Helbiaion
Religion",Generic,1.0,0.0,0.0,0.0,0.0,1.0,0.0,0.0,"Temperate
forest",14686.0,24,14,19.0,0.0,6.0,2.0,1.0,3.0,4.0,1.0,1.0,1.0,-19.0,-3.0,17.5,11.0,36.5,14.0,10.0,74.0,4.0,9.0,14686.0,29372.0,122.0,172.0
Mulurikia,Druliobria,Herviarau,91.0,Roman,"Roman
Deities",Generic,1.0,0.0,0.0,0.0,1.0,1.0,0.0,0.0,"Temperate
rainforest",16132.000000000002,26,16,20.0,1.0,6.0,2.0,1.0,4.0,4.0,1.0,1.0,1.0,-20.0,-3.0,17.5,12.0,37.5,15.0,11.0,81.0,4.0,9.0,16133.0,32265.0,128.0,180.0
Fasasania,Dehiehteh,Rez Shahr,92.0,Scythian,"Scythian
Forefathers",Generic,1.0,0.0,0.0,0.0,1.0,1.0,0.0,0.0,"Tropical
forest",8800.0,14,8,11.0,0.0,3.0,1.0,0.0,2.0,2.0,1.0,1.0,1.0,-11.0,-3.0,8.0,6.0,19.0,9.0,6.0,44.0,3.0,7.0,8800.0,17600.0,94.0,133.0
Cielumnia,Iuniumia,Predionium,93.0,Roman,"Roman
Shamanism",Hunting,1.0,0.0,0.0,0.0,0.0,0.0,0.0,0.0,"Temperate
forest",1647.0,2,1,1.0,0.5,1,0.0,0.0,0.0,0.0,0.0,0.0,0.0,-1.0,0.0,2.0,0.0,3.0,0.0,2.0,9.0,2.0,3.0,1647.0,3294.0,41.0,58.0
Tyrianti,Akhaionti,Bysos,94.0,Hellenic,"Helbiaion
Religion",Hunting,5.0,0.0,0.0,0.0,0.0,0.0,0.0,0.0,"Tropical
rainforest",1400.0,2,1,1.0,0.5,1,0.0,0.0,0.0,0.0,0.0,0.0,0.0,-1.0,0.0,2.0,0.0,3.0,0.0,1.0,7.0,1.0,3.0,1400.0,2800.0,38.0,53.0
Vebutegia,Vindautum,Corgento,95.0,Roman,"Roman
Shamanism",Hunting,1.0,0.0,0.0,0.0,0.0,1.0,0.0,0.0,Grassland,1524.0,2,1,1.0,0.5,1,0.0,0.0,0.0,0.0,0.0,0.0,0.0,-1.0,0.0,2.0,0.0,3.0,0.0,1.0,8.0,1.0,3.0,1524.0,3048.0,40.0,56.0
Jepsa,Seilumamas,Bjorpio,96.0,Estian,"Estian
Spirits",Generic,1.0,0.0,0.0,0.0,0.0,0.0,1.0,0.0,"Temperate
rainforest",6487.0,10,6,6.0,2.0,2.0,1.0,0.0,1.0,2.0,0.0,0.0,0.0,-6.0,0.0,6.0,5.0,12.0,5.0,5.0,33.0,3.0,6.0,6487.0,12974.0,81.0,114.0
Mulurikia,Glerialas,Aahai,97.0,Estian,"Estian
Spirits",Generic,1.0,0.0,0.0,0.0,0.0,1.0,0.0,0.0,"Temperate
forest",7878.0,13,7,11.0,-1.0,3.0,1.0,0.0,2.0,2.0,1.0,1.0,1.0,-11.0,-3.0,8.0,6.0,19.0,9.0,5.0,40.0,3.0,7.0,7879.0,15756.0,89.0,126.0
Mulurikia,Rakka,Naistellen,98.0,Roman,"Roman
Deities",Hunting,1.0,0.0,0.0,0.0,0.0,1.0,0.0,0.0,"Temperate
rainforest",5249.0,8,5,6.0,0.5,2.0,1.0,1.0,1.0,1.0,0.0,0.0,0.0,-6.0,0.0,7.5,3.0,13.5,3.0,4.0,27.0,2.0,6.0,5249.0,10498.0,73.0,103.0
Hetos,Boviataci,Leiposia,99.0,Hellenic,"Helbiaion
Religion",Hunting,1.0,0.0,0.0,0.0,0.0,1.0,1.0,0.0,"Temperate
forest",1871.0,3,1,1.0,1.0,1.0,0.0,0.0,0.0,0.0,0.0,0.0,0.0,-1.0,0.0,2.0,0.0,3.0,0.0,2.0,10.0,2.0,4.0,1871.0,3742.0,44.0,62.0
Hetos,Boviataci,Pteron,100.0,Hellenic,"Helbiaion
Religion",Highland,1.0,0.0,0.0,0.0,0.0,1.0,1.0,0.0,Grassland,11937.0,19,11,15.0,0.0,4.0,2.0,0.0,3.0,3.0,1.0,1.0,1.0,-15.0,-3.0,12.0,9.0,27.0,12.0,8.0,60.0,3.0,8.0,11937.0,23874.0,110.0,155.0
Tapocia,Parabriz,Pitherythro,101.0,Hellenic,"Hellenic
Pantheon",Generic,1.0,0.0,0.0,0.0,1.0,1.0,0.0,0.0,Grassland,9859.0,16,9,13.0,-0.5,4.0,1.0,0.0,2.0,3.0,1.0,1.0,1.0,-13.0,-3.0,10.0,8.0,23.0,11.0,7.0,50.0,3.0,8.0,9860.0,19718.0,100.0,141.0
Tapocia,Paphakynt,Iolirira,102.0,Hellenic,"Hellenic
Pantheon",Hunting,1.0,0.0,0.0,0.0,0.0,1.0,0.0,0.0,Grassland,4514.0,7,4,5.0,0.5,2.0,1.0,0.0,1.0,1.0,0.0,0.0,0.0,-5.0,0.0,6.0,3.0,11.0,3.0,3.0,23.0,2.0,5.0,4514.0,9028.0,68.0,96.0
Bukania,Varjoles,Bashahrzuq,103.0,Persian,"Persian
Deities",Hunting,1.0,0.0,0.0,0.0,0.0,1.0,0.0,0.0,"Temperate
forest",5198.0,8,5,6.0,0.5,2.0,1.0,1.0,1.0,1.0,0.0,0.0,0.0,-6.0,0.0,7.5,3.0,13.5,3.0,4.0,26.0,2.0,6.0,5198.0,10396.0,73.0,102.0
Eljanmaa,Atropesia,Tulplahera,104.0,Estian,"Estian
Spirits",Generic,1.0,0.0,0.0,0.0,0.0,1.0,0.0,0.0,"Temperate
forest",11863.0,19,11,15.0,0.0,4.0,2.0,0.0,3.0,3.0,1.0,1.0,1.0,-15.0,-3.0,12.0,9.0,27.0,12.0,8.0,60.0,3.0,8.0,11864.0,23726.0,109.0,155.0
Shushjia,Tunaleoy,Abgard,105.0,Persian,"Persian
Deities",Generic,1.0,0.0,0.0,0.0,0.0,1.0,0.0,0.0,"Temperate
rainforest",6422.0,10,6,6.0,2.0,2.0,1.0,0.0,1.0,2.0,0.0,0.0,0.0,-6.0,0.0,6.0,5.0,12.0,5.0,5.0,33.0,3.0,6.0,6422.0,12844.0,81.0,114.0
Cielumnia,Opel,Gorsarak,106.0,Scythian,"Scythian
Forefathers",Hunting,1.0,0.0,0.0,0.0,0.0,0.0,0.0,0.0,"Temperate
forest",2685.0,4,2,2.0,1.0,1.0,0.0,0.0,0.0,1.0,0.0,0.0,0.0,-2.0,0.0,2.0,2.0,4.0,2.0,2.0,14.0,2.0,4.0,2685.0,5370.0,52.0,74.0
Mulurikia,Humaa,Rakka,107.0,Estian,"Estian
Spirits",Generic,1.0,0.0,0.0,0.0,0.0,1.0,0.0,0.0,"Temperate
forest",16803.0,28,16,22.0,0.0,6.0,3.0,1.0,4.0,5.0,1.0,1.0,1.0,-22.0,-3.0,19.5,14.0,41.5,17.0,11.0,85.0,4.0,10.0,16803.0,33606.0,130.0,184.0
Bukania,Shahvabadia,Alifabadrud,108.0,Persian,"Helbiaion
Religion",Hunting,1.0,0.0,0.0,0.0,0.0,0.0,0.0,0.0,"Tropical
rainforest",2094.0,3,2,1.0,1.5,1.0,0.0,0.0,0.0,0.0,0.0,0.0,0.0,-1.0,0.0,2.0,0.0,3.0,0.0,2.0,11.0,2.0,4.0,2094.0,4188.0,46.0,65.0
Jepsa,Glerialas,Ruosaajaama,109.0,Estian,"Estian
Spirits",Hunting,5.0,0.0,0.0,0.0,0.0,1.0,0.0,0.0,"Temperate
rainforest",1615.0,2,1,1.0,0.5,1,0.0,0.0,0.0,0.0,0.0,0.0,0.0,-1.0,0.0,2.0,0.0,3.0,0.0,2.0,9.0,2.0,3.0,1616.0,3230.0,41.0,57.0
Sasburgia,Tieben,Hagenhau,110.0,Germanic,Germanicism,Hunting,1.0,0.0,0.0,0.0,0.0,0.0,0.0,0.0,"Temperate
forest",1865.0,3,1,1.0,1.0,1.0,0.0,0.0,0.0,0.0,0.0,0.0,0.0,-1.0,0.0,2.0,0.0,3.0,0.0,2.0,10.0,2.0,4.0,1865.0,3730.0,44.0,62.0
Pali,Shemshania,Konut,111.0,Persian,"Persian
Deities",Generic,1.0,0.0,0.0,0.0,0.0,1.0,0.0,0.0,Wetland,7583.0,12,7,11.0,-1.5,3.0,1.0,0.0,2.0,2.0,1.0,1.0,1.0,-11.0,-3.0,8.0,6.0,19.0,9.0,5.0,38.0,3.0,7.0,7583.0,15166.0,88.0,124.0
Thropebeia,Hyeleuthos,Murion,112.0,Hellenic,"Helbiaion
Religion",Generic,1.0,0.0,0.0,0.0,0.0,1.0,0.0,0.0,"Tropical
rainforest",11127.0,18,11,15.0,-0.5,4.0,2.0,0.0,3.0,3.0,1.0,1.0,1.0,-15.0,-3.0,12.0,9.0,27.0,12.0,7.0,56.0,3.0,8.0,11128.0,22254.0,106.0,150.0
Ziyeh,Talkhast,Varmir,113.0,Persian,"Persian
Deities",Generic,1.0,0.0,0.0,0.0,0.0,0.0,0.0,0.0,"Tropical
rainforest",8964.0,14,8,11.0,0.0,3.0,1.0,0.0,2.0,2.0,1.0,1.0,1.0,-11.0,-3.0,8.0,6.0,19.0,9.0,6.0,45.0,3.0,7.0,8964.0,17928.0,95.0,134.0
Tapocia,Histhos,Atheia,114.0,Hellenic,"Helbiaion
Religion",Naval,2.0,0.0,0.0,1.0,0.0,0.0,0.0,0.0,"Tropical
forest",3537.0,5,3,4.0,0.0,1.0,1.0,0.0,1.0,1.0,0.0,0.0,0.0,-4.0,0.0,4.0,3.0,8.0,3.0,3.0,18.0,2.0,5.0,3537.0,7074.0,60.0,85.0
Tapocia,Histhos,Amphi,115.0,Hellenic,"Hellenic
Pantheon",Naval,2.0,0.0,0.0,1.0,1.0,0.0,0.0,0.0,"Tropical
forest",2150.0,3,2,1.0,1.5,1.0,0.0,0.0,0.0,0.0,0.0,0.0,0.0,-1.0,0.0,2.0,0.0,3.0,0.0,2.0,11.0,2.0,4.0,2150.0,4300.0,47.0,66.0
Thropebeia,Narififi,Byrian,116.0,Hellenic,"Helbiaion
Religion",Generic,1.0,0.0,0.0,0.0,1.0,1.0,0.0,0.0,"Tropical
rainforest",19677.0,32,19,27.0,-1.5,8.0,3.0,1.0,4.0,5.0,2.0,2.0,2.0,-27.0,-6.0,23.5,14.0,50.5,20.0,13.0,99.0,4.0,10.0,19677.0,39354.0,141.0,199.0
Eljanmaa,Lepa,Pyryla,117.0,Estian,"Estian
Spirits",Hunting,1.0,0.0,0.0,0.0,0.0,1.0,0.0,0.0,Grassland,5117.0,8,5,6.0,0.5,2.0,1.0,1.0,1.0,1.0,0.0,0.0,0.0,-6.0,0.0,7.5,3.0,13.5,3.0,4.0,26.0,2.0,6.0,5118.0,10234.0,72.0,102.0
Sasburgia,Wutacland,Bamberg,118.0,Germanic,Germanicism,Hunting,1.0,0.0,0.0,0.0,0.0,0.0,0.0,0.0,"Temperate
rainforest",2175.0,3,2,1.0,1.5,1.0,0.0,0.0,0.0,0.0,0.0,0.0,0.0,-1.0,0.0,2.0,0.0,3.0,0.0,2.0,11.0,2.0,4.0,2175.0,4350.0,47.0,66.0
Mulurikia,Humaa,Linnocenni,119.0,Roman,"Roman
Deities",Naval,2.0,0.0,0.0,1.0,0.0,1.0,0.0,0.0,"Temperate
rainforest",4942.0,8,4,4.0,2.0,1.0,1.0,0.0,1.0,1.0,0.0,0.0,0.0,-4.0,0.0,4.0,3.0,8.0,3.0,4.0,25.0,2.0,5.0,4942.0,9884.0,71.0,100.0
Pali,Ruolalamia,Gegandal,120.0,Persian,"Helbiaion
Religion",Hunting,5.0,0.0,0.0,0.0,0.0,1.0,0.0,0.0,"Tropical
rainforest",1406.0,2,1,1.0,0.5,1,0.0,0.0,0.0,0.0,0.0,0.0,0.0,-1.0,0.0,2.0,0.0,3.0,0.0,1.0,8.0,1.0,3.0,1406.0,2812.0,38.0,54.0
Mulurikia,Humaa,Kanmalankaa,121.0,Estian,"Estian
Spirits",Generic,1.0,0.0,0.0,0.0,0.0,1.0,0.0,0.0,Grassland,7561.0,12,7,11.0,-1.5,3.0,1.0,0.0,2.0,2.0,1.0,1.0,1.0,-11.0,-3.0,8.0,6.0,19.0,9.0,5.0,38.0,3.0,7.0,7561.0,15122.0,87.0,123.0
Thropebeia,Dopepikonia,Laporystho,122.0,Hellenic,"Helbiaion
Religion",Hunting,1.0,0.0,0.0,0.0,0.0,1.0,0.0,0.0,"Tropical
rainforest",1810.0,3,1,1.0,1.0,1.0,0.0,0.0,0.0,0.0,0.0,0.0,0.0,-1.0,0.0,2.0,0.0,3.0,0.0,2.0,10.0,2.0,4.0,1810.0,3620.0,43.0,61.0
Sasburgia,Abriz,Hinzenburg,123.0,Germanic,Germanicism,Generic,1.0,0.0,0.0,0.0,1.0,1.0,0.0,0.0,"Temperate
forest",16483.0,27,16,21.0,0.5,6.0,3.0,1.0,4.0,4.0,1.0,1.0,1.0,-21.0,-3.0,19.5,12.0,40.5,15.0,11.0,83.0,4.0,10.0,16483.0,32966.0,129.0,182.0
Eljanmaa,Jepsapaki,Karksa,124.0,Estian,"Estian
Spirits",Naval,2.0,0.0,0.0,1.0,0.0,1.0,0.0,0.0,"Temperate
forest",7023.0,11,7,11.0,-2.0,2.0,2.0,0.0,2.0,2.0,1.0,1.0,1.0,-11.0,-3.0,8.0,6.0,19.0,9.0,5.0,36.0,3.0,6.0,7023.0,14046.0,84.0,119.0
Sasburgia,Hinzenburg,Kodeck,125.0,Germanic,Germanicism,Naval,2.0,0.0,0.0,1.0,0.0,1.0,0.0,0.0,"Temperate
rainforest",8188.000000000001,13,8,11.0,-0.5,2.0,2.0,0.0,2.0,2.0,1.0,1.0,1.0,-11.0,-3.0,8.0,6.0,19.0,9.0,6.0,41.0,3.0,7.0,8189.0,16377.0,91.0,128.0
Theonia,Pydrialeta,Eiameale,126.0,Hellenic,"Helbiaion
Religion",Generic,5.0,0.0,0.0,0.0,0.0,1.0,0.0,0.0,"Tropical
forest",9171.0,15,9,12.0,0.0,4.0,1.0,0.0,2.0,2.0,1.0,1.0,1.0,-12.0,-3.0,10.0,6.0,22.0,9.0,6.0,46.0,3.0,7.0,9171.0,18342.0,96.0,136.0
Shahia,Ahyatalia,Tevand,127.0,Persian,"Helbiaion
Religion",Generic,1.0,0.0,0.0,0.0,0.0,1.0,0.0,0.0,"Tropical
rainforest",14200.0,23,14,18.0,0.5,5.0,2.0,1.0,3.0,4.0,1.0,1.0,1.0,-18.0,-3.0,15.5,11.0,33.5,14.0,9.0,71.0,3.0,9.0,14200.0,28400.0,120.0,169.0
Sasburgia,Frohngen,Frienenmuns,128.0,Germanic,Germanicism,Hunting,1.0,0.0,0.0,0.0,0.0,1.0,0.0,0.0,"Temperate
forest",3697.0,6,3,3.0,1.5,1.0,0.0,0.0,1.0,1.0,0.0,0.0,0.0,-3.0,0.0,2.0,3.0,5.0,3.0,3.0,19.0,2.0,5.0,3698.0,7394.0,61.0,86.0
Tapocia,Pyzan,Ceventillan,129.0,Celtic,"Celtic
Forefathers",Hunting,1.0,0.0,0.0,0.0,0.0,1.0,0.0,0.0,Wetland,1620.0,2,1,1.0,0.5,1,0.0,0.0,0.0,0.0,0.0,0.0,0.0,-1.0,0.0,2.0,0.0,3.0,0.0,2.0,9.0,2.0,3.0,1620.0,3240.0,41.0,57.0
Sasburgia,Lelia,Todtlin,130.0,Germanic,"Old
Germanic
Beliefs",Hunting,0.0,0.0,0.0,0.0,0.0,1.0,0.0,0.0,"Tropical
forest",5854.0,9,5,6.0,1.0,2.0,1.0,1.0,1.0,1.0,0.0,0.0,0.0,-6.0,0.0,7.5,3.0,13.5,3.0,4.0,30.0,2.0,6.0,5854.0,11708.0,77.0,109.0
Sasburgia,Sulzlin,Aichten,131.0,Germanic,"Old
Germanic
Beliefs",Hunting,0.0,0.0,0.0,0.0,0.0,1.0,0.0,0.0,"Tropical
forest",1054.0,1,1,1.0,0.0,1,0.0,0.0,0.0,0.0,0.0,0.0,0.0,-1.0,0.0,2.0,0.0,3.0,0.0,1.0,6.0,1.0,3.0,1054.0,2108.0,33.0,46.0
Thropebeia,Dopepikonia,Throton,132.0,Hellenic,"Helbiaion
Religion",Hunting,5.0,0.0,0.0,0.0,0.0,1.0,0.0,0.0,Wetland,2751.0,4,2,2.0,1.0,1.0,0.0,0.0,0.0,1.0,0.0,0.0,0.0,-2.0,0.0,2.0,2.0,4.0,2.0,2.0,14.0,2.0,4.0,2751.0,5502.0,53.0,75.0
Shahia,Ahyatalia,Nemunaribas,133.0,Persian,"Helbiaion
Religion",Hunting,5.0,0.0,0.0,0.0,1.0,0.0,0.0,0.0,"Tropical
rainforest",1830.0,3,1,1.0,1.0,1.0,0.0,0.0,0.0,0.0,0.0,0.0,0.0,-1.0,0.0,2.0,0.0,3.0,0.0,2.0,10.0,2.0,4.0,1830.0,3660.0,43.0,61.0
Shushjia,Armir,Zizicheres,134.0,Persian,"Persian
Deities",Generic,5.0,0.0,0.0,0.0,0.0,1.0,0.0,0.0,"Tropical
rainforest",10227.0,17,10,14.0,-0.5,4.0,2.0,0.0,2.0,3.0,1.0,1.0,1.0,-14.0,-3.0,12.0,8.0,26.0,11.0,7.0,52.0,3.0,8.0,10228.0,20454.0,102.0,144.0
Sasburgia,Berg,Steiamt,135.0,Germanic,Germanicism,Hunting,1.0,0.0,0.0,0.0,0.0,1.0,0.0,0.0,"Temperate
forest",3260.0,5,3,3.0,1.0,1.0,0.0,0.0,1.0,1.0,0.0,0.0,0.0,-3.0,0.0,2.0,3.0,5.0,3.0,3.0,17.0,2.0,5.0,3260.0,6520.0,58.0,81.0
Mulurikia,Kilvala,Kaurepolama,136.0,Estian,"Estian
Spirits",Hunting,1.0,0.0,0.0,0.0,0.0,1.0,0.0,0.0,Grassland,1556.0,2,1,1.0,0.5,1,0.0,0.0,0.0,0.0,0.0,0.0,0.0,-1.0,0.0,2.0,0.0,3.0,0.0,1.0,8.0,1.0,3.0,1556.0,3112.0,40.0,56.0
Sasburgia,Wutacland,Sinztal,137.0,Germanic,Germanicism,Hunting,5.0,0.0,0.0,0.0,0.0,0.0,0.0,0.0,"Temperate
forest",2194.0,3,2,1.0,1.5,1.0,0.0,0.0,0.0,0.0,0.0,0.0,0.0,-1.0,0.0,2.0,0.0,3.0,0.0,2.0,11.0,2.0,4.0,2194.0,4388.0,47.0,67.0
Naplaria,Stralagas,Vanlin,138.0,Estian,"Vaamalese
Church",Hunting,1.0,0.0,0.0,0.0,0.0,0.0,0.0,0.0,"Temperate
forest",1628.0,2,1,1.0,0.5,1,0.0,0.0,0.0,0.0,0.0,0.0,0.0,-1.0,0.0,2.0,0.0,3.0,0.0,2.0,9.0,2.0,3.0,1628.0,3256.0,41.0,58.0
Sasburgia,Opfheim,Enzklostatt,139.0,Germanic,"Old
Germanic
Beliefs",Hunting,0.0,0.0,0.0,0.0,1.0,0.0,0.0,0.0,"Tropical
forest",990.0,1,0,1.0,-0.5,1,0.0,0.0,0.0,0.0,0.0,0.0,0.0,-1.0,0.0,2.0,0.0,3.0,0.0,1.0,5.0,1.0,3.0,990.0,1980.0,32.0,45.0
Bukania,Hajdasirsia,Konut,140.0,Persian,"Persian
Deities",Generic,1.0,0.0,0.0,0.0,0.0,1.0,0.0,0.0,"Temperate
rainforest",12064.0,20,12,16.0,0.0,5.0,2.0,0.0,3.0,3.0,1.0,1.0,1.0,-16.0,-3.0,14.0,9.0,30.0,12.0,8.0,61.0,3.0,8.0,12064.0,24128.0,110.0,156.0
Cielumnia,Iuniumia,Rodutum,141.0,Roman,"Roman
Shamanism",Generic,1.0,0.0,0.0,0.0,1.0,1.0,0.0,0.0,"Temperate
forest",17387.0,28,17,23.0,-0.5,7.0,3.0,1.0,4.0,5.0,1.0,1.0,1.0,-23.0,-3.0,21.5,14.0,44.5,17.0,11.0,87.0,4.0,10.0,17387.0,34774.0,132.0,187.0
Pali,Ruolalamia,Chabad,142.0,Persian,"Helbiaion
Religion",Generic,1.0,0.0,0.0,0.0,1.0,1.0,1.0,1.0,"Tropical
rainforest",20508.0,34,20,29.0,-2.0,8.0,3.0,1.0,5.0,6.0,2.0,2.0,2.0,-29.0,-6.0,23.5,17.0,52.5,23.0,13.0,103.0,4.0,11.0,20508.0,41016.0,144.0,203.0
Sasburgia,Opfheim,Munswegen,143.0,Germanic,"Old
Germanic
Beliefs",Generic,0.0,0.0,0.0,0.0,0.0,1.0,0.0,0.0,"Tropical
forest",13490.0,22,13,18.0,-0.5,5.0,2.0,1.0,3.0,4.0,1.0,1.0,1.0,-18.0,-3.0,15.5,11.0,33.5,14.0,9.0,68.0,3.0,9.0,13490.0,26980.0,117.0,165.0
Bukania,Shahvabadia,Pabad,144.0,Persian,"Helbiaion
Religion",Hunting,1.0,0.0,0.0,0.0,0.0,0.0,0.0,0.0,"Temperate
forest",1738.0,2,1,1.0,0.5,1,0.0,0.0,0.0,0.0,0.0,0.0,0.0,-1.0,0.0,2.0,0.0,3.0,0.0,2.0,9.0,2.0,3.0,1738.0,3476.0,42.0,59.0
Bukania,Shahvabadia,Arkepeqan,145.0,Persian,"Helbiaion
Religion",Generic,1.0,0.0,0.0,0.0,1.0,1.0,0.0,0.0,"Temperate
rainforest",7233.0,12,7,11.0,-1.5,3.0,1.0,0.0,2.0,2.0,1.0,1.0,1.0,-11.0,-3.0,8.0,6.0,19.0,9.0,5.0,37.0,3.0,7.0,7233.0,14466.0,86.0,121.0
Mulurikia,Rakka,Glerialas,146.0,Roman,"Roman
Deities",Naval,6.0,0.0,0.0,1.0,0.0,0.0,0.0,0.0,"Temperate
rainforest",19357.0,32,19,24.0,1.5,6.0,5.0,1.0,4.0,5.0,1.0,1.0,1.0,-24.0,-3.0,23.5,14.0,47.5,17.0,13.0,97.0,4.0,10.0,19357.0,38714.0,140.0,197.0
Shushjia,Armir,Armir,147.0,Persian,"Persian
Deities",Generic,5.0,0.0,0.0,0.0,1.0,1.0,0.0,1.0,Wetland,21706.0,36,21,29.0,-0.5,8.0,3.0,1.0,5.0,6.0,2.0,2.0,2.0,-29.0,-6.0,23.5,17.0,52.5,23.0,14.0,109.0,4.0,11.0,21706.0,43412.0,148.0,209.0
Cielumnia,Iuniumia,Cornobocob,148.0,Roman,"Roman
Shamanism",Hunting,5.0,0.0,0.0,0.0,0.0,0.0,0.0,0.0,"Temperate
forest",1675.0,2,1,1.0,0.5,1,0.0,0.0,0.0,0.0,0.0,0.0,0.0,-1.0,0.0,2.0,0.0,3.0,0.0,2.0,9.0,2.0,3.0,1675.0,3350.0,41.0,58.0
Tyrianti,Sapala,Deleos,149.0,Hellenic,"Helbiaion
Religion",Generic,1.0,0.0,0.0,0.0,0.0,0.0,0.0,0.0,"Tropical
rainforest",7985.0,13,7,11.0,-1.0,3.0,1.0,0.0,2.0,2.0,1.0,1.0,1.0,-11.0,-3.0,8.0,6.0,19.0,9.0,5.0,40.0,3.0,7.0,7985.0,15970.0,90.0,127.0
Bukania,Shahvabadia,Gordistakhr,150.0,Persian,"Helbiaion
Religion",Highland,1.0,0.0,0.0,0.0,0.0,0.0,0.0,0.0,"Temperate
rainforest",2534.0,4,2,3.0,0.0,1.0,0.0,0.0,1.0,1.0,0.0,0.0,0.0,-3.0,0.0,2.0,3.0,5.0,3.0,2.0,13.0,2.0,4.0,2534.0,5068.0,51.0,72.0
Bukania,Sadashtia,Rudeshk,151.0,Persian,"Persian
Deities",Hunting,1.0,0.0,0.0,0.0,0.0,0.0,0.0,0.0,"Tropical
forest",1880.0,3,1,1.0,1.0,1.0,0.0,0.0,0.0,0.0,0.0,0.0,0.0,-1.0,0.0,2.0,0.0,3.0,0.0,2.0,10.0,2.0,4.0,1880.0,3760.0,44.0,62.0
Sasburgia,Sulzlin,Grenburg,152.0,Germanic,"Old
Germanic
Beliefs",Hunting,0.0,0.0,0.0,0.0,0.0,1.0,0.0,0.0,"Tropical
forest",1369.0,2,1,1.0,0.5,1,0.0,0.0,0.0,0.0,0.0,0.0,0.0,-1.0,0.0,2.0,0.0,3.0,0.0,1.0,7.0,1.0,3.0,1369.0,2738.0,37.0,53.0
Shushjia,Armir,Tunaleoy,153.0,Persian,"Persian
Deities",Naval,2.0,0.0,0.0,1.0,1.0,1.0,1.0,0.0,"Tropical
rainforest",40920.0,68,40,54.0,0.0,12.0,11.0,2.0,9.0,11.0,3.0,3.0,3.0,-54.0,-9.0,49.0,31.0,103.0,40.0,26.0,205.0,6.0,15.0,40920.0,81840.0,203.0,287.0
Thropebeia,Dopepikonia,Stympia,154.0,Hellenic,"Helbiaion
Religion",Generic,1.0,0.0,0.0,0.0,0.0,1.0,0.0,0.0,"Tropical
rainforest",8963.0,14,8,11.0,0.0,3.0,1.0,0.0,2.0,2.0,1.0,1.0,1.0,-11.0,-3.0,8.0,6.0,19.0,9.0,6.0,45.0,3.0,7.0,8963.0,17926.0,95.0,134.0
Mulurikia,,Pavesi,155.0,Estian,,Generic,,,0.0,0.0,0.0,1.0,0.0,0.0,,10844.0,18,10,14.0,0.0,4.0,2.0,0.0,2.0,3.0,1.0,1.0,1.0,-14.0,-3.0,12.0,8.0,26.0,11.0,7.0,55.0,3.0,8.0,10844.0,21688.0,105.0,148.0
Sasburgia,Hinzenburg,Karlsbachin,156.0,Germanic,Germanicism,Hunting,1.0,0.0,0.0,0.0,0.0,1.0,0.0,0.0,"Temperate
rainforest",2053.0,3,2,1.0,1.5,1.0,0.0,0.0,0.0,0.0,0.0,0.0,0.0,-1.0,0.0,2.0,0.0,3.0,0.0,2.0,11.0,2.0,4.0,2053.0,4106.0,46.0,65.0
Sasburgia,Fredenmunsa,Stenaunau,157.0,Germanic,Germanicism,Hunting,1.0,0.0,0.0,0.0,0.0,1.0,0.0,0.0,"Temperate
rainforest",2201.0,3,2,1.0,1.5,1.0,0.0,0.0,0.0,0.0,0.0,0.0,0.0,-1.0,0.0,2.0,0.0,3.0,0.0,2.0,12.0,2.0,4.0,2201.0,4402.0,47.0,67.0
Cielumnia,Burnocevia,Pulbarea,158.0,Roman,"Roman
Shamanism",Hunting,1.0,0.0,0.0,0.0,0.0,1.0,0.0,0.0,"Temperate
rainforest",1976.0,3,1,1.0,1.0,1.0,0.0,0.0,0.0,0.0,0.0,0.0,0.0,-1.0,0.0,2.0,0.0,3.0,0.0,2.0,10.0,2.0,4.0,1976.0,3952.0,45.0,63.0
Tyrianti,Troyros,Eukeia,159.0,Hellenic,"Helbiaion
Religion",Hunting,5.0,0.0,0.0,0.0,0.0,1.0,0.0,0.0,"Tropical
forest",5828.0,9,5,6.0,1.0,2.0,1.0,1.0,1.0,1.0,0.0,0.0,0.0,-6.0,0.0,7.5,3.0,13.5,3.0,4.0,30.0,2.0,6.0,5828.0,11656.0,77.0,108.0
Tapocia,Cytholyntia,Cleosia,160.0,Hellenic,"Helbiaion
Religion",Hunting,1.0,0.0,0.0,0.0,0.0,0.0,0.0,0.0,"Temperate
forest",1564.0,2,1,1.0,0.5,1,0.0,0.0,0.0,0.0,0.0,0.0,0.0,-1.0,0.0,2.0,0.0,3.0,0.0,1.0,8.0,1.0,3.0,1564.0,3128.0,40.0,56.0
Sasburgia,Sulzlin,Glattnau,161.0,Germanic,"Old
Germanic
Beliefs",Generic,0.0,0.0,0.0,0.0,0.0,1.0,0.0,0.0,"Tropical
forest",11043.0,18,11,15.0,-0.5,4.0,2.0,0.0,3.0,3.0,1.0,1.0,1.0,-15.0,-3.0,12.0,9.0,27.0,12.0,7.0,56.0,3.0,8.0,11043.0,22086.0,106.0,149.0
Bukania,Shahvabadia,Qahteh,162.0,Persian,"Persian
Deities",Hunting,1.0,0.0,0.0,0.0,0.0,0.0,0.0,0.0,"Temperate
forest",2292.0,3,2,1.0,1.5,1.0,0.0,0.0,0.0,0.0,0.0,0.0,0.0,-1.0,0.0,2.0,0.0,3.0,0.0,2.0,12.0,2.0,4.0,2292.0,4584.0,48.0,68.0
Sasburgia,Bridanumia,Segenhardt,163.0,Germanic,"Old
Germanic
Beliefs",Hunting,0.0,0.0,0.0,0.0,1.0,1.0,0.0,0.0,"Tropical
forest",999.0,1,0,1.0,-0.5,1,0.0,0.0,0.0,0.0,0.0,0.0,0.0,-1.0,0.0,2.0,0.0,3.0,0.0,1.0,5.0,1.0,3.0,999.0,1998.0,32.0,45.0
Vebutegia,Vilbium,Sixustarau,164.0,Roman,"Roman
Shamanism",Naval,1.0,0.0,0.0,7.0,0.0,0.0,0.0,0.0,Grassland,3744.0,6,3,4.0,0.5,1.0,1.0,0.0,1.0,1.0,0.0,0.0,0.0,-4.0,0.0,4.0,3.0,8.0,3.0,3.0,19.0,2.0,5.0,3744.0,7488.0,62.0,87.0
Tapocia,Histhos,Abewed,165.0,Celtic,"Celtic
Forefathers",Hunting,1.0,0.0,0.0,0.0,0.0,1.0,0.0,0.0,"Temperate
forest",3987.0,6,3,3.0,1.5,1.0,0.0,0.0,1.0,1.0,0.0,0.0,0.0,-3.0,0.0,2.0,3.0,5.0,3.0,3.0,20.0,2.0,5.0,3987.0,7974.0,64.0,90.0
Hetos,Boviataci,Pithe,166.0,Hellenic,"Helbiaion
Religion",Hunting,1.0,0.0,0.0,0.0,0.0,1.0,1.0,0.0,"Temperate
forest",1645.0,2,1,1.0,0.5,1,0.0,0.0,0.0,0.0,0.0,0.0,0.0,-1.0,0.0,2.0,0.0,3.0,0.0,2.0,9.0,2.0,3.0,1645.0,3290.0,41.0,58.0
Naplaria,Stralagas,Pyvindapa,167.0,Estian,"Vaamalese
Church",Hunting,1.0,0.0,0.0,0.0,0.0,0.0,0.0,0.0,Wetland,1756.0,2,1,1.0,0.5,1,0.0,0.0,0.0,0.0,0.0,0.0,0.0,-1.0,0.0,2.0,0.0,3.0,0.0,2.0,9.0,2.0,3.0,1756.0,3512.0,42.0,60.0
Pali,Shemshania,Jiraz,168.0,Persian,"Persian
Deities",Generic,1.0,0.0,0.0,0.0,0.0,1.0,0.0,0.0,"Tropical
rainforest",11228.0,18,11,15.0,-0.5,4.0,2.0,0.0,3.0,3.0,1.0,1.0,1.0,-15.0,-3.0,12.0,9.0,27.0,12.0,8.0,57.0,3.0,8.0,11228.0,22456.0,106.0,150.0
Bukania,Parabriz,Arin,169.0,Persian,"Persian
Deities",Highland,1.0,0.0,0.0,0.0,0.0,1.0,0.0,0.0,Taiga,1436.0,2,1,1.0,0.5,1,0.0,0.0,0.0,0.0,0.0,0.0,0.0,-1.0,0.0,2.0,0.0,3.0,0.0,1.0,8.0,1.0,3.0,1437.0,2872.0,38.0,54.0
Naplaria,Stralagas,Nogesihi,170.0,Estian,"Vaamalese
Church",Generic,1.0,0.0,0.0,0.0,0.0,1.0,0.0,0.0,"Temperate
rainforest",10868.0,18,10,14.0,0.0,4.0,2.0,0.0,2.0,3.0,1.0,1.0,1.0,-14.0,-3.0,12.0,8.0,26.0,11.0,7.0,55.0,3.0,8.0,10868.0,21736.0,105.0,148.0
Ziyeh,Talkhast,Bemudezavar,171.0,Persian,"Persian
Deities",Hunting,5.0,0.0,0.0,0.0,0.0,1.0,0.0,0.0,"Tropical
rainforest",4282.0,7,4,5.0,0.5,2.0,1.0,0.0,1.0,1.0,0.0,0.0,0.0,-5.0,0.0,6.0,3.0,11.0,3.0,3.0,22.0,2.0,5.0,4282.0,8564.0,66.0,93.0
Cielumnia,Ridunumia,Supinorum,172.0,Roman,"Roman
Shamanism",Generic,1.0,0.0,0.0,0.0,1.0,1.0,0.0,0.0,"Temperate
forest",17748.0,29,17,23.0,0.0,7.0,3.0,1.0,4.0,5.0,1.0,1.0,1.0,-23.0,-3.0,21.5,14.0,44.5,17.0,12.0,89.0,4.0,10.0,17748.0,35496.0,134.0,189.0
Naplaria,Nogesihi,Tampaavaki,173.0,Estian,"Vaamalese
Church",Hunting,1.0,0.0,0.0,0.0,0.0,1.0,0.0,0.0,"Temperate
rainforest",1714.0,2,1,1.0,0.5,1,0.0,0.0,0.0,0.0,0.0,0.0,0.0,-1.0,0.0,2.0,0.0,3.0,0.0,2.0,9.0,2.0,3.0,1714.0,3428.0,42.0,59.0
Chamia,Dugedia,Duzey-Shahr,174.0,Persian,"Persian
Deities",Hunting,1.0,0.0,0.0,0.0,0.0,0.0,0.0,0.0,"Temperate
forest",1669.0,2,1,1.0,0.5,1,0.0,0.0,0.0,0.0,0.0,0.0,0.0,-1.0,0.0,2.0,0.0,3.0,0.0,2.0,9.0,2.0,3.0,1669.0,3338.0,41.0,58.0
Sasburgia,Lenzgraberg,Schutwan,175.0,Germanic,Germanicism,Generic,1.0,0.0,0.0,0.0,1.0,1.0,0.0,0.0,"Temperate
forest",15647.0,26,15,20.0,0.5,6.0,2.0,1.0,4.0,4.0,1.0,1.0,1.0,-20.0,-3.0,17.5,12.0,37.5,15.0,10.0,79.0,4.0,9.0,15647.0,31294.0,126.0,177.0
Cielumnia,Iuniumia,Clauturorum,176.0,Roman,"Roman
Shamanism",Generic,5.0,0.0,0.0,0.0,1.0,0.0,0.0,0.0,"Temperate
forest",7262.0,12,7,11.0,-1.5,3.0,1.0,0.0,2.0,2.0,1.0,1.0,1.0,-11.0,-3.0,8.0,6.0,19.0,9.0,5.0,37.0,3.0,7.0,7262.0,14524.0,86.0,121.0
Joentara,Loijalia,Syrve,177.0,Estian,"Estian
Spirits",Hunting,1.0,0.0,0.0,0.0,0.0,1.0,0.0,0.0,"Temperate
rainforest",3763.0,6,3,3.0,1.5,1.0,0.0,0.0,1.0,1.0,0.0,0.0,0.0,-3.0,0.0,2.0,3.0,5.0,3.0,3.0,19.0,2.0,5.0,3763.0,7526.0,62.0,87.0
Cielumnia,Iuniumia,Trelolita,178.0,Roman,"Roman
Shamanism",Generic,1.0,0.0,0.0,0.0,0.0,1.0,0.0,0.0,"Temperate
forest",7808.0,13,7,11.0,-1.0,3.0,1.0,0.0,2.0,2.0,1.0,1.0,1.0,-11.0,-3.0,8.0,6.0,19.0,9.0,5.0,40.0,3.0,7.0,7808.0,15616.0,89.0,125.0
Cielumnia,Ridunumia,Apinium,179.0,Roman,"Roman
Shamanism",Naval,2.0,0.0,0.0,8.0,0.0,1.0,0.0,0.0,"Temperate
forest",9990.0,16,9,12.0,0.5,3.0,2.0,0.0,2.0,2.0,1.0,1.0,1.0,-12.0,-3.0,10.0,6.0,22.0,9.0,7.0,50.0,3.0,8.0,9990.0,19980.0,100.0,142.0
Shahia,Ahyatalia,Shabas,180.0,Persian,"Helbiaion
Religion",Hunting,1.0,0.0,0.0,0.0,0.0,1.0,0.0,0.0,Wetland,3542.0,5,3,3.0,1.0,1.0,0.0,0.0,1.0,1.0,0.0,0.0,0.0,-3.0,0.0,2.0,3.0,5.0,3.0,3.0,18.0,2.0,5.0,3542.0,7084.0,60.0,85.0
Bukania,Pulbium,Kenos,181.0,Hellenic,"Helbiaion
Religion",Generic,1.0,0.0,0.0,0.0,0.0,1.0,0.0,0.0,"Temperate
forest",10755.0,17,10,14.0,-0.5,4.0,2.0,0.0,2.0,3.0,1.0,1.0,1.0,-14.0,-3.0,12.0,8.0,26.0,11.0,7.0,54.0,3.0,8.0,10755.0,21510.0,104.0,147.0
Bukania,Shahvabadia,Halerirazhi,182.0,Persian,"Helbiaion
Religion",Hunting,1.0,0.0,0.0,0.0,0.0,1.0,0.0,0.0,"Tropical
forest",4606.0,7,4,5.0,0.5,2.0,1.0,0.0,1.0,1.0,0.0,0.0,0.0,-5.0,0.0,6.0,3.0,11.0,3.0,3.0,24.0,2.0,5.0,4606.0,9212.0,68.0,96.0
Sasburgia,Opfheim,Gotnausern,183.0,Germanic,"Old
Germanic
Beliefs",Hunting,0.0,0.0,0.0,0.0,0.0,1.0,0.0,0.0,"Tropical
forest",4042.0,6,4,4.0,1.0,1.0,1.0,0.0,1.0,1.0,0.0,0.0,0.0,-4.0,0.0,4.0,3.0,8.0,3.0,3.0,21.0,2.0,5.0,4042.0,8084.0,64.0,90.0
Sasburgia,Opfheim,Donenterbach,184.0,Germanic,"Old
Germanic
Beliefs",Generic,0.0,0.0,0.0,0.0,0.0,0.0,0.0,0.0,"Tropical
forest",9485.0,15,9,12.0,0.0,4.0,1.0,0.0,2.0,2.0,1.0,1.0,1.0,-12.0,-3.0,10.0,6.0,22.0,9.0,6.0,48.0,3.0,7.0,9485.0,18970.0,98.0,138.0
Sasburgia,Sulzlin,Unbachal,185.0,Germanic,"Old
Germanic
Beliefs",Hunting,0.0,0.0,0.0,0.0,0.0,0.0,0.0,0.0,"Tropical
forest",1087.0,1,1,1.0,0.0,1,0.0,0.0,0.0,0.0,0.0,0.0,0.0,-1.0,0.0,2.0,0.0,3.0,0.0,1.0,6.0,1.0,3.0,1087.0,2174.0,33.0,47.0
Mulurikia,Totsa,Noligamunum,186.0,Roman,"Roman
Deities",Generic,1.0,0.0,0.0,0.0,0.0,1.0,0.0,0.0,"Temperate
rainforest",8432.0,14,8,11.0,0.0,3.0,1.0,0.0,2.0,2.0,1.0,1.0,1.0,-11.0,-3.0,8.0,6.0,19.0,9.0,6.0,43.0,3.0,7.0,8432.0,16864.0,92.0,130.0
Hetos,Troyrosia,Magrapoli,187.0,Hellenic,"Helbiaion
Religion",Hunting,1.0,0.0,0.0,0.0,0.0,1.0,0.0,0.0,"Tropical
forest",2234.0,3,2,1.0,1.5,1.0,0.0,0.0,0.0,0.0,0.0,0.0,0.0,-1.0,0.0,2.0,0.0,3.0,0.0,2.0,12.0,2.0,4.0,2234.0,4468.0,48.0,67.0
Tapocia,Thebaizep,Kala,188.0,Hellenic,"Helbiaion
Religion",Hunting,1.0,0.0,0.0,0.0,0.0,0.0,0.0,0.0,"Tropical
forest",1621.0,2,1,1.0,0.5,1,0.0,0.0,0.0,0.0,0.0,0.0,0.0,-1.0,0.0,2.0,0.0,3.0,0.0,2.0,9.0,2.0,3.0,1621.0,3242.0,41.0,57.0
Shahia,Narififi,Sehpasirs,189.0,Persian,"Helbiaion
Religion",Naval,2.0,0.0,0.0,1.0,1.0,0.0,0.0,0.0,Wetland,17160.0,28,17,21.0,1.5,5.0,4.0,1.0,4.0,4.0,1.0,1.0,1.0,-21.0,-3.0,19.5,12.0,40.5,15.0,11.0,86.0,4.0,10.0,17160.0,34320.0,131.0,186.0
Hetos,Boviataci,Leginenaile,190.0,Hellenic,"Helbiaion
Religion",Hunting,1.0,0.0,0.0,0.0,0.0,1.0,1.0,0.0,"Tropical
forest",1303.0,2,1,1.0,0.5,1,0.0,0.0,0.0,0.0,0.0,0.0,0.0,-1.0,0.0,2.0,0.0,3.0,0.0,1.0,7.0,1.0,3.0,1303.0,2606.0,37.0,52.0
Sasburgia,Opfheim,Aibenauhegen,191.0,Germanic,"Old
Germanic
Beliefs",Hunting,0.0,0.0,0.0,0.0,0.0,1.0,0.0,0.0,"Tropical
forest",943.0,1,0,1.0,-0.5,1,0.0,0.0,0.0,0.0,0.0,0.0,0.0,-1.0,0.0,2.0,0.0,3.0,0.0,1.0,5.0,1.0,3.0,944.0,1886.0,31.0,44.0
Cielumnia,Iuniumia,Doravencu,192.0,Roman,"Roman
Shamanism",Generic,5.0,0.0,0.0,0.0,0.0,1.0,0.0,0.0,"Temperate
forest",7301.0,12,7,11.0,-1.5,3.0,1.0,0.0,2.0,2.0,1.0,1.0,1.0,-11.0,-3.0,8.0,6.0,19.0,9.0,5.0,37.0,3.0,7.0,7301.0,14602.0,86.0,121.0
Sasburgia,Wutacland,Sellinkirch,193.0,Germanic,Germanicism,Generic,5.0,0.0,0.0,0.0,0.0,1.0,0.0,0.0,"Temperate
forest",8670.0,14,8,11.0,0.0,3.0,1.0,0.0,2.0,2.0,1.0,1.0,1.0,-11.0,-3.0,8.0,6.0,19.0,9.0,6.0,44.0,3.0,7.0,8670.0,17340.0,94.0,132.0
Tyrianti,Cyzantibeth,Philea,194.0,Hellenic,"Helbiaion
Religion",Generic,1.0,0.0,0.0,0.0,0.0,1.0,0.0,0.0,"Temperate
rainforest",8326.0,13,8,11.0,-0.5,3.0,1.0,0.0,2.0,2.0,1.0,1.0,1.0,-11.0,-3.0,8.0,6.0,19.0,9.0,6.0,42.0,3.0,7.0,8326.0,16652.0,92.0,130.0
Sasburgia,Bridanumia,Lofenheim,195.0,Germanic,"Old
Germanic
Beliefs",Naval,1.0,0.0,0.0,1.0,0.0,1.0,0.0,0.0,"Tropical
forest",5965.0,9,5,5.0,2.0,2.0,1.0,0.0,1.0,1.0,0.0,0.0,0.0,-5.0,0.0,6.0,3.0,11.0,3.0,4.0,30.0,2.0,6.0,5965.0,11930.0,78.0,110.0
Cielumnia,Burnocevia,Ventium,196.0,Roman,"Roman
Shamanism",Generic,1.0,0.0,0.0,0.0,0.0,1.0,0.0,0.0,"Temperate
rainforest",12393.0,20,12,16.0,0.0,5.0,2.0,0.0,3.0,3.0,1.0,1.0,1.0,-16.0,-3.0,14.0,9.0,30.0,12.0,8.0,62.0,3.0,8.0,12393.0,24786.0,112.0,158.0
Tapocia,Abenia,Temnos,197.0,Hellenic,"Helbiaion
Religion",Hunting,1.0,0.0,0.0,0.0,0.0,1.0,0.0,0.0,"Tropical
forest",3949.0,6,3,3.0,1.5,1.0,0.0,0.0,1.0,1.0,0.0,0.0,0.0,-3.0,0.0,2.0,3.0,5.0,3.0,3.0,20.0,2.0,5.0,3949.0,7898.0,63.0,89.0
Sasburgia,Tieben,Sulzlin,198.0,Germanic,Germanicism,Generic,1.0,0.0,0.0,0.0,0.0,1.0,0.0,0.0,"Temperate
forest",13252.0,22,13,18.0,-0.5,5.0,2.0,1.0,3.0,4.0,1.0,1.0,1.0,-18.0,-3.0,15.5,11.0,33.5,14.0,9.0,67.0,3.0,9.0,13252.0,26504.0,116.0,163.0
Sasburgia,Fredenmunsa,Pforzheim,199.0,Germanic,Germanicism,Naval,2.0,0.0,0.0,1.0,0.0,1.0,0.0,0.0,Wetland,11571.0,19,11,15.0,0.0,3.0,3.0,0.0,3.0,3.0,1.0,1.0,1.0,-15.0,-3.0,12.0,9.0,27.0,12.0,8.0,58.0,3.0,8.0,11571.0,23142.0,108.0,153.0
Eljanmaa,Vaia,Laulaue,200.0,Estian,"Estian
Spirits",Naval,2.0,0.0,0.0,1.0,0.0,0.0,0.0,0.0,"Temperate
forest",2760.0,4,2,4.0,-1.0,1.0,1.0,0.0,1.0,1.0,0.0,0.0,0.0,-4.0,0.0,4.0,3.0,8.0,3.0,2.0,14.0,2.0,4.0,2760.0,5520.0,53.0,75.0
Thropebeia,Dopepikonia,Emnos,201.0,Hellenic,"Helbiaion
Religion",Naval,2.0,0.0,0.0,1.0,0.0,1.0,0.0,0.0,Wetland,3276.0,5,3,4.0,0.0,1.0,1.0,0.0,1.0,1.0,0.0,0.0,0.0,-4.0,0.0,4.0,3.0,8.0,3.0,3.0,17.0,2.0,5.0,3276.0,6552.0,58.0,81.0
Tyrianti,Askromepios,Neliomesia,202.0,Hellenic,"Helbiaion
Religion",Hunting,5.0,0.0,0.0,0.0,0.0,0.0,0.0,0.0,"Tropical
forest",2139.0,3,2,1.0,1.5,1.0,0.0,0.0,0.0,0.0,0.0,0.0,0.0,-1.0,0.0,2.0,0.0,3.0,0.0,2.0,11.0,2.0,4.0,2139.0,4278.0,47.0,66.0
Fasasania,Zran,Momand,203.0,Scythian,"Scythian
Forefathers",Hunting,1.0,0.0,0.0,0.0,0.0,1.0,0.0,0.0,"Tropical
forest",2669.0,4,2,2.0,1.0,1.0,0.0,0.0,0.0,1.0,0.0,0.0,0.0,-2.0,0.0,2.0,2.0,4.0,2.0,2.0,14.0,2.0,4.0,2669.0,5338.0,52.0,74.0
Tapocia,Thebaizep,Amphidros,204.0,Hellenic,"Helbiaion
Religion",Generic,1.0,0.0,0.0,0.0,0.0,1.0,0.0,0.0,"Tropical
forest",6949.0,11,6,7.0,1.5,2.0,1.0,0.0,2.0,2.0,0.0,0.0,0.0,-7.0,0.0,6.0,6.0,13.0,6.0,5.0,35.0,3.0,6.0,6949.0,13898.0,84.0,118.0
Tapocia,Paphakynt,Tytostos,205.0,Hellenic,"Helbiaion
Religion",Hunting,1.0,0.0,0.0,0.0,0.0,1.0,0.0,0.0,"Temperate
forest",5123.0,8,5,6.0,0.5,2.0,1.0,1.0,1.0,1.0,0.0,0.0,0.0,-6.0,0.0,7.5,3.0,13.5,3.0,4.0,26.0,2.0,6.0,5123.0,10246.0,72.0,102.0
Tapocia,Thebaizep,Gourgos,206.0,Hellenic,"Helbiaion
Religion",Lake,1.0,0.0,0.0,0.0,0.0,1.0,0.0,0.0,"Tropical
forest",1443.0,2,1,1.0,0.5,1,0.0,0.0,0.0,0.0,0.0,0.0,0.0,-1.0,0.0,2.0,0.0,3.0,0.0,1.0,8.0,1.0,3.0,1443.0,2886.0,38.0,54.0
Tapocia,Shemshahria,Inverkeithin,207.0,Celtic,"Hellenic
Pantheon",Hunting,1.0,0.0,0.0,0.0,0.0,1.0,0.0,0.0,"Tropical
forest",5461.0,9,5,6.0,1.0,2.0,1.0,1.0,1.0,1.0,0.0,0.0,0.0,-6.0,0.0,7.5,3.0,13.5,3.0,4.0,28.0,2.0,6.0,5461.0,10922.0,74.0,105.0
Tapocia,Thebaizep,Hanos,208.0,Hellenic,"Helbiaion
Religion",Hunting,1.0,0.0,0.0,0.0,0.0,1.0,0.0,0.0,"Tropical
forest",1467.0,2,1,1.0,0.5,1,0.0,0.0,0.0,0.0,0.0,0.0,0.0,-1.0,0.0,2.0,0.0,3.0,0.0,1.0,8.0,1.0,3.0,1467.0,2934.0,39.0,55.0
Fasasania,Shah,Sialkhast,209.0,Scythian,"Scythian
Forefathers",Hunting,5.0,0.0,0.0,0.0,0.0,1.0,0.0,0.0,"Tropical
forest",5938.0,9,5,6.0,1.0,2.0,1.0,1.0,1.0,1.0,0.0,0.0,0.0,-6.0,0.0,7.5,3.0,13.5,3.0,4.0,30.0,2.0,6.0,5938.0,11876.0,78.0,109.0
Bukania,Varjoles,Seyaveri,210.0,Persian,"Persian
Deities",Hunting,1.0,0.0,0.0,0.0,0.0,0.0,0.0,0.0,"Temperate
forest",4298.0,7,4,5.0,0.5,2.0,1.0,0.0,1.0,1.0,0.0,0.0,0.0,-5.0,0.0,6.0,3.0,11.0,3.0,3.0,22.0,2.0,5.0,4298.0,8596.0,66.0,93.0
Bukania,Varjoles,Nushahrzad,211.0,Persian,"Persian
Deities",Generic,1.0,0.0,0.0,0.0,0.0,1.0,0.0,0.0,"Temperate
forest",10578.0,17,10,14.0,-0.5,4.0,2.0,0.0,2.0,3.0,1.0,1.0,1.0,-14.0,-3.0,12.0,8.0,26.0,11.0,7.0,53.0,3.0,8.0,10578.0,21156.0,103.0,146.0
Bukania,Hamabilia,Hatomsar,212.0,Persian,"Persian
Deities",Highland,1.0,0.0,0.0,0.0,0.0,1.0,0.0,0.0,"Temperate
forest",16148.0,26,16,21.0,0.0,5.0,3.0,1.0,4.0,5.0,1.0,1.0,1.0,-21.0,-3.0,17.5,14.0,38.5,17.0,11.0,81.0,4.0,9.0,16148.0,32296.0,128.0,180.0
Eljanmaa,Hinkania,Kilvioeva,213.0,Estian,"Estian
Spirits",Hunting,1.0,0.0,0.0,0.0,0.0,1.0,0.0,0.0,Grassland,1670.0,2,1,1.0,0.5,1,0.0,0.0,0.0,0.0,0.0,0.0,0.0,-1.0,0.0,2.0,0.0,3.0,0.0,2.0,9.0,2.0,3.0,1670.0,3340.0,41.0,58.0
Riririgen,Cantego,Brigendaco,214.0,Roman,"Roman
Shamanism",Generic,5.0,0.0,0.0,0.0,0.0,1.0,0.0,0.0,"Temperate
forest",14739.0,24,14,19.0,0.0,6.0,2.0,1.0,3.0,4.0,1.0,1.0,1.0,-19.0,-3.0,17.5,11.0,36.5,14.0,10.0,74.0,4.0,9.0,14739.0,29478.0,122.0,172.0
Tyrianti,Cyzantibeth,Odiraris,215.0,Hellenic,"Helbiaion
Religion",Generic,1.0,0.0,0.0,0.0,0.0,1.0,0.0,0.0,"Tropical
forest",14044.0,23,14,18.0,0.5,5.0,2.0,1.0,3.0,4.0,1.0,1.0,1.0,-18.0,-3.0,15.5,11.0,33.5,14.0,9.0,71.0,3.0,9.0,14044.0,28088.0,119.0,168.0
Shahia,Ahyatalia,Bayan,216.0,Persian,"Helbiaion
Religion",Hunting,1.0,0.0,0.0,0.0,0.0,1.0,0.0,0.0,"Tropical
forest",1012.0,1,1,1.0,0.0,1,0.0,0.0,0.0,0.0,0.0,0.0,0.0,-1.0,0.0,2.0,0.0,3.0,0.0,1.0,6.0,1.0,3.0,1012.0,2024.0,32.0,45.0
Sasburgia,Bridanumia,Breiswald,217.0,Germanic,"Old
Germanic
Beliefs",Hunting,0.0,0.0,0.0,0.0,0.0,1.0,0.0,0.0,"Tropical
forest",4090.0,6,4,4.0,1.0,1.0,1.0,0.0,1.0,1.0,0.0,0.0,0.0,-4.0,0.0,4.0,3.0,8.0,3.0,3.0,21.0,2.0,5.0,4090.0,8180.0,64.0,91.0
Fasasania,Parnamk,Jifilandal,218.0,Scythian,"Scythian
Forefathers",Hunting,1.0,0.0,0.0,0.0,0.0,1.0,0.0,0.0,"Tropical
forest",2947.0,4,2,2.0,1.0,1.0,0.0,0.0,0.0,1.0,0.0,0.0,0.0,-2.0,0.0,2.0,2.0,4.0,2.0,2.0,15.0,2.0,4.0,2948.0,5894.0,55.0,77.0
Tyrianti,Sapala,Plalela,219.0,Hellenic,"Helbiaion
Religion",Generic,1.0,0.0,0.0,0.0,0.0,1.0,0.0,0.0,"Tropical
forest",7195.0,11,7,11.0,-2.0,3.0,1.0,0.0,2.0,2.0,1.0,1.0,1.0,-11.0,-3.0,8.0,6.0,19.0,9.0,5.0,36.0,3.0,6.0,7195.0,14390.0,85.0,120.0
Hetos,Legarisia,Herina,220.0,Hellenic,"Helbiaion
Religion",Hunting,1.0,0.0,0.0,0.0,0.0,1.0,0.0,0.0,"Tropical
forest",1428.0,2,1,1.0,0.5,1,0.0,0.0,0.0,0.0,0.0,0.0,0.0,-1.0,0.0,2.0,0.0,3.0,0.0,1.0,8.0,1.0,3.0,1428.0,2856.0,38.0,54.0
Fasasania,Shahrdestan,Meybid,221.0,Scythian,"Scythian
Forefathers",Hunting,1.0,0.0,0.0,0.0,0.0,0.0,0.0,0.0,"Tropical
forest",2404.0,4,2,2.0,1.0,1.0,0.0,0.0,0.0,1.0,0.0,0.0,0.0,-2.0,0.0,2.0,2.0,4.0,2.0,2.0,13.0,2.0,4.0,2404.0,4808.0,50.0,70.0
Mulurikia,Menaipia,Vehkaki,222.0,Estian,"Estian
Spirits",Generic,1.0,0.0,0.0,0.0,0.0,1.0,0.0,0.0,Grassland,8870.0,14,8,11.0,0.0,3.0,1.0,0.0,2.0,2.0,1.0,1.0,1.0,-11.0,-3.0,8.0,6.0,19.0,9.0,6.0,45.0,3.0,7.0,8870.0,17740.0,95.0,134.0
Mulurikia,Humaa,Vequm,223.0,Roman,"Roman
Deities",Hunting,1.0,0.0,0.0,0.0,0.0,1.0,0.0,0.0,"Temperate
rainforest",1707.0,2,1,1.0,0.5,1,0.0,0.0,0.0,0.0,0.0,0.0,0.0,-1.0,0.0,2.0,0.0,3.0,0.0,2.0,9.0,2.0,3.0,1708.0,3414.0,42.0,59.0
Thropebeia,Dopepikonia,Acharta,224.0,Hellenic,"Helbiaion
Religion",Generic,5.0,0.0,0.0,0.0,1.0,1.0,0.0,0.0,"Tropical
rainforest",10307.0,17,10,14.0,-0.5,4.0,2.0,0.0,2.0,3.0,1.0,1.0,1.0,-14.0,-3.0,12.0,8.0,26.0,11.0,7.0,52.0,3.0,8.0,10307.0,20614.0,102.0,144.0
Hetos,Legarisia,Chalbia,225.0,Hellenic,"Helbiaion
Religion",Hunting,1.0,0.0,0.0,0.0,0.0,1.0,0.0,0.0,"Tropical
forest",1047.0,1,1,1.0,0.0,1,0.0,0.0,0.0,0.0,0.0,0.0,0.0,-1.0,0.0,2.0,0.0,3.0,0.0,1.0,6.0,1.0,3.0,1047.0,2094.0,33.0,46.0
Tapocia,Parabriz,Brilor,226.0,Celtic,"Celtic
Forefathers",Generic,1.0,0.0,0.0,0.0,0.0,1.0,0.0,0.0,Taiga,8700.0,14,8,11.0,0.0,3.0,1.0,0.0,2.0,2.0,1.0,1.0,1.0,-11.0,-3.0,8.0,6.0,19.0,9.0,6.0,44.0,3.0,7.0,8700.0,17400.0,94.0,132.0
Vavala,Rakaki,Tememi,227.0,Estian,"Estian
Spirits",Hunting,1.0,0.0,0.0,0.0,0.0,0.0,0.0,0.0,Grassland,1609.0,2,1,1.0,0.5,1,0.0,0.0,0.0,0.0,0.0,0.0,0.0,-1.0,0.0,2.0,0.0,3.0,0.0,2.0,9.0,2.0,3.0,1609.0,3218.0,41.0,57.0
Sasburgia,Eisenbach,Herbachlin,228.0,Germanic,"Scythian
Forefathers",Generic,1.0,0.0,0.0,0.0,0.0,1.0,0.0,0.0,"Temperate
forest",7513.0,12,7,11.0,-1.5,3.0,1.0,0.0,2.0,2.0,1.0,1.0,1.0,-11.0,-3.0,8.0,6.0,19.0,9.0,5.0,38.0,3.0,7.0,7513.0,15026.0,87.0,123.0
Sasburgia,Losterland,Rasteried,229.0,Germanic,"Old
Germanic
Beliefs",Hunting,0.0,0.0,0.0,0.0,0.0,1.0,0.0,0.0,"Tropical
forest",1106.0,1,1,1.0,0.0,1,0.0,0.0,0.0,0.0,0.0,0.0,0.0,-1.0,0.0,2.0,0.0,3.0,0.0,1.0,6.0,1.0,3.0,1106.0,2212.0,34.0,48.0
Sasburgia,Bridanumia,Buchenaufen,230.0,Germanic,"Old
Germanic
Beliefs",Generic,0.0,0.0,0.0,0.0,0.0,1.0,0.0,0.0,"Tropical
forest",17093.0,28,17,23.0,-0.5,7.0,3.0,1.0,4.0,5.0,1.0,1.0,1.0,-23.0,-3.0,21.5,14.0,44.5,17.0,11.0,86.0,4.0,10.0,17093.0,34186.0,131.0,185.0
Eljanmaa,Atropesia,Harvakini,231.0,Estian,"Estian
Spirits",Generic,1.0,0.0,0.0,0.0,0.0,0.0,0.0,0.0,Grassland,6030.0,10,6,6.0,2.0,2.0,1.0,0.0,1.0,2.0,0.0,0.0,0.0,-6.0,0.0,6.0,5.0,12.0,5.0,4.0,31.0,2.0,6.0,6030.0,12060.0,78.0,110.0
Joentara,Loijalia,Suotankaan,232.0,Estian,"Estian
Spirits",Hunting,1.0,0.0,0.0,0.0,0.0,1.0,0.0,0.0,"Temperate
forest",2672.0,4,2,2.0,1.0,1.0,0.0,0.0,0.0,1.0,0.0,0.0,0.0,-2.0,0.0,2.0,2.0,4.0,2.0,2.0,14.0,2.0,4.0,2672.0,5344.0,52.0,74.0
Tapocia,Thebaizep,Vatrolis,233.0,Hellenic,"Helbiaion
Religion",Hunting,1.0,0.0,0.0,0.0,0.0,1.0,0.0,0.0,"Tropical
rainforest",5077.0,8,5,6.0,0.5,2.0,1.0,1.0,1.0,1.0,0.0,0.0,0.0,-6.0,0.0,7.5,3.0,13.5,3.0,4.0,26.0,2.0,6.0,5077.0,10154.0,72.0,101.0
Ziyeh,Talkhast,Gazdan,234.0,Persian,"Persian
Deities",Hunting,1.0,0.0,0.0,0.0,0.0,0.0,0.0,0.0,"Tropical
rainforest",4939.0,8,4,5.0,1.0,2.0,1.0,0.0,1.0,1.0,0.0,0.0,0.0,-5.0,0.0,6.0,3.0,11.0,3.0,4.0,25.0,2.0,5.0,4939.0,9878.0,71.0,100.0
Bukania,Varjoles,Nashehteh,235.0,Persian,"Persian
Deities",Generic,1.0,0.0,0.0,0.0,0.0,1.0,1.0,0.0,"Temperate
forest",20598.0,34,20,29.0,-2.0,8.0,3.0,1.0,5.0,6.0,2.0,2.0,2.0,-29.0,-6.0,23.5,17.0,52.5,23.0,13.0,103.0,4.0,11.0,20598.0,41196.0,144.0,203.0
Mulurikia,Glerialas,Kautio,236.0,Estian,"Estian
Spirits",Generic,1.0,0.0,0.0,0.0,0.0,1.0,0.0,0.0,"Temperate
rainforest",7534.0,12,7,11.0,-1.5,3.0,1.0,0.0,2.0,2.0,1.0,1.0,1.0,-11.0,-3.0,8.0,6.0,19.0,9.0,5.0,38.0,3.0,7.0,7534.0,15068.0,87.0,123.0
Sasburgia,Dehiehteh,Adefidshahr,237.0,Scythian,"Scythian
Forefathers",Generic,1.0,0.0,0.0,0.0,1.0,1.0,0.0,0.0,Savanna,15263.0,25,15,20.0,0.0,6.0,2.0,1.0,4.0,4.0,1.0,1.0,1.0,-20.0,-3.0,17.5,12.0,37.5,15.0,10.0,77.0,4.0,9.0,15263.0,30526.0,124.0,175.0
Riririgen,Echeh,Cantego,238.0,Roman,"Roman
Shamanism",Generic,1.0,0.0,0.0,0.0,0.0,1.0,0.0,0.0,"Temperate
forest",9172.0,15,9,12.0,0.0,4.0,1.0,0.0,2.0,2.0,1.0,1.0,1.0,-12.0,-3.0,10.0,6.0,22.0,9.0,6.0,46.0,3.0,7.0,9172.0,18344.0,96.0,136.0
Cielumnia,Burnocevia,Marnorum,239.0,Roman,"Roman
Shamanism",Naval,2.0,0.0,0.0,1.0,1.0,1.0,1.0,0.0,"Temperate
rainforest",22627.0,37,22,31.0,-1.5,7.0,6.0,1.0,5.0,6.0,2.0,2.0,2.0,-31.0,-6.0,27.5,17.0,58.5,23.0,15.0,114.0,4.0,11.0,22627.0,45254.0,151.0,213.0
Cielumnia,Burnocevia,Agustatuva,240.0,Roman,"Roman
Shamanism",Generic,1.0,0.0,0.0,0.0,0.0,1.0,0.0,0.0,"Temperate
rainforest",7663.0,12,7,11.0,-1.5,3.0,1.0,0.0,2.0,2.0,1.0,1.0,1.0,-11.0,-3.0,8.0,6.0,19.0,9.0,5.0,39.0,3.0,7.0,7663.0,15326.0,88.0,124.0
Fasasania,Dowlasimsia,Shahrdestan,241.0,Scythian,"Scythian
Forefathers",Generic,1.0,0.0,0.0,0.0,0.0,1.0,0.0,0.0,"Tropical
forest",10897.0,18,10,14.0,0.0,4.0,2.0,0.0,2.0,3.0,1.0,1.0,1.0,-14.0,-3.0,12.0,8.0,26.0,11.0,7.0,55.0,3.0,8.0,10897.0,21794.0,105.0,148.0
Sasburgia,Sulzlin,Ballfach,242.0,Germanic,"Old
Germanic
Beliefs",Generic,0.0,0.0,0.0,0.0,0.0,0.0,0.0,0.0,"Tropical
forest",7472.0,12,7,11.0,-1.5,3.0,1.0,0.0,2.0,2.0,1.0,1.0,1.0,-11.0,-3.0,8.0,6.0,19.0,9.0,5.0,38.0,3.0,7.0,7472.0,14944.0,87.0,123.0
Bukania,Hajdasirsia,Farimnan,243.0,Persian,"Persian
Deities",Highland,1.0,0.0,0.0,0.0,0.0,1.0,0.0,0.0,"Temperate
rainforest",1481.0,2,1,1.0,0.5,1,0.0,0.0,0.0,0.0,0.0,0.0,0.0,-1.0,0.0,2.0,0.0,3.0,0.0,1.0,8.0,1.0,3.0,1481.0,2962.0,39.0,55.0
Sasburgia,Sulzlin,Apenalbron,244.0,Germanic,"Old
Germanic
Beliefs",Generic,0.0,0.0,0.0,0.0,0.0,1.0,0.0,0.0,"Tropical
forest",9853.0,16,9,13.0,-0.5,4.0,1.0,0.0,2.0,3.0,1.0,1.0,1.0,-13.0,-3.0,10.0,8.0,23.0,11.0,7.0,50.0,3.0,8.0,9853.0,19706.0,100.0,141.0
Shushjia,Dastgerd,Jowzdandaq,245.0,Persian,"Persian
Deities",Generic,1.0,0.0,0.0,0.0,0.0,1.0,0.0,0.0,"Temperate
rainforest",13071.0,21,13,17.0,0.0,5.0,2.0,0.0,3.0,4.0,1.0,1.0,1.0,-17.0,-3.0,14.0,11.0,31.0,14.0,9.0,66.0,3.0,9.0,13071.0,26142.0,115.0,162.0
Fasasania,Shah,Khormajan,246.0,Scythian,"Scythian
Forefathers",Hunting,1.0,0.0,0.0,0.0,0.0,0.0,0.0,0.0,"Tropical
forest",964.0,1,0,1.0,-0.5,1,0.0,0.0,0.0,0.0,0.0,0.0,0.0,-1.0,0.0,2.0,0.0,3.0,0.0,1.0,5.0,1.0,3.0,964.0,1928.0,32.0,44.0
Hetos,Boviataci,Theolis,247.0,Hellenic,"Helbiaion
Religion",Hunting,1.0,0.0,0.0,0.0,1.0,1.0,1.0,0.0,"Tropical
forest",964.0,1,0,1.0,-0.5,1,0.0,0.0,0.0,0.0,0.0,0.0,0.0,-1.0,0.0,2.0,0.0,3.0,0.0,1.0,5.0,1.0,3.0,964.0,1928.0,32.0,44.0
Tapocia,Abenia,Tores,248.0,Hellenic,"Helbiaion
Religion",Hunting,1.0,0.0,0.0,0.0,0.0,0.0,0.0,0.0,"Temperate
forest",2901.0,4,2,2.0,1.0,1.0,0.0,0.0,0.0,1.0,0.0,0.0,0.0,-2.0,0.0,2.0,2.0,4.0,2.0,2.0,15.0,2.0,4.0,2901.0,5802.0,54.0,77.0
Chamia,Shustan,Hasht,249.0,Persian,"Persian
Deities",Hunting,5.0,0.0,0.0,0.0,0.0,0.0,0.0,0.0,"Tropical
rainforest",1714.0,2,1,1.0,0.5,1,0.0,0.0,0.0,0.0,0.0,0.0,0.0,-1.0,0.0,2.0,0.0,3.0,0.0,2.0,9.0,2.0,3.0,1714.0,3428.0,42.0,59.0
Sasburgia,Parabriz,Griestatt,250.0,Germanic,Germanicism,Highland,1.0,0.0,0.0,0.0,0.0,0.0,0.0,0.0,Grassland,1660.0,2,1,1.0,0.5,1,0.0,0.0,0.0,0.0,0.0,0.0,0.0,-1.0,0.0,2.0,0.0,3.0,0.0,2.0,9.0,2.0,3.0,1660.0,3320.0,41.0,58.0
Tapocia,Thebaizep,Agicos,251.0,Hellenic,"Helbiaion
Religion",Hunting,1.0,0.0,0.0,0.0,0.0,1.0,0.0,0.0,"Tropical
forest",4075.0,6,4,4.0,1.0,1.0,1.0,0.0,1.0,1.0,0.0,0.0,0.0,-4.0,0.0,4.0,3.0,8.0,3.0,3.0,21.0,2.0,5.0,4075.0,8150.0,64.0,91.0
Fasasania,Parnamk,Shahrdehen,252.0,Scythian,"Scythian
Forefathers",Lake,1.0,0.0,0.0,0.0,0.0,1.0,0.0,0.0,Savanna,7938.0,13,7,11.0,-1.0,3.0,1.0,0.0,2.0,2.0,1.0,1.0,1.0,-11.0,-3.0,8.0,6.0,19.0,9.0,5.0,40.0,3.0,7.0,7938.0,15876.0,90.0,126.0
Mulurikia,Glerialas,Tiorkausa,253.0,Estian,"Estian
Spirits",Hunting,1.0,0.0,0.0,0.0,0.0,0.0,0.0,0.0,"Temperate
rainforest",1876.0,3,1,1.0,1.0,1.0,0.0,0.0,0.0,0.0,0.0,0.0,0.0,-1.0,0.0,2.0,0.0,3.0,0.0,2.0,10.0,2.0,4.0,1876.0,3752.0,44.0,62.0
Naplaria,Stralagas,Nilmi,254.0,Estian,"Vaamalese
Church",Hunting,1.0,0.0,0.0,0.0,0.0,1.0,1.0,0.0,Wetland,4331.0,7,4,5.0,0.5,2.0,1.0,0.0,1.0,1.0,0.0,0.0,0.0,-5.0,0.0,6.0,3.0,11.0,3.0,3.0,22.0,2.0,5.0,4331.0,8662.0,66.0,94.0
Tyrianti,Troyros,Stymphagios,255.0,Hellenic,"Helbiaion
Religion",Generic,1.0,0.0,0.0,0.0,0.0,1.0,0.0,0.0,"Tropical
forest",6806.0,11,6,7.0,1.5,2.0,1.0,0.0,2.0,2.0,0.0,0.0,0.0,-7.0,0.0,6.0,6.0,13.0,6.0,5.0,35.0,3.0,6.0,6806.0,13612.0,83.0,117.0
Sasburgia,Sulzlin,Durbolzheim,256.0,Germanic,"Old
Germanic
Beliefs",Hunting,0.0,0.0,0.0,0.0,1.0,1.0,0.0,0.0,"Tropical
forest",1056.0,1,1,1.0,0.0,1,0.0,0.0,0.0,0.0,0.0,0.0,0.0,-1.0,0.0,2.0,0.0,3.0,0.0,1.0,6.0,1.0,3.0,1056.0,2112.0,33.0,46.0
Shushjia,Tunaleoy,Yabahan,257.0,Persian,"Persian
Deities",Naval,2.0,0.0,0.0,1.0,0.0,0.0,0.0,0.0,"Tropical
rainforest",3702.0,6,3,4.0,0.5,1.0,1.0,0.0,1.0,1.0,0.0,0.0,0.0,-4.0,0.0,4.0,3.0,8.0,3.0,3.0,19.0,2.0,5.0,3702.0,7404.0,61.0,87.0
Vavala,Hinkania,Kauri,258.0,Estian,"Estian
Spirits",Hunting,1.0,0.0,0.0,0.0,0.0,1.0,0.0,0.0,Grassland,2148.0,3,2,1.0,1.5,1.0,0.0,0.0,0.0,0.0,0.0,0.0,0.0,-1.0,0.0,2.0,0.0,3.0,0.0,2.0,11.0,2.0,4.0,2148.0,4296.0,47.0,66.0
Cielumnia,Ridunumia,Hernum,259.0,Roman,"Roman
Shamanism",Generic,5.0,0.0,0.0,0.0,0.0,1.0,0.0,0.0,"Temperate
forest",7572.0,12,7,11.0,-1.5,3.0,1.0,0.0,2.0,2.0,1.0,1.0,1.0,-11.0,-3.0,8.0,6.0,19.0,9.0,5.0,38.0,3.0,7.0,7572.0,15144.0,88.0,124.0
Tapocia,Shemshahria,Pyzan,260.0,Hellenic,"Hellenic
Pantheon",Generic,1.0,0.0,0.0,0.0,0.0,1.0,0.0,0.0,"Tropical
forest",9691.0,16,9,13.0,-0.5,4.0,1.0,0.0,2.0,3.0,1.0,1.0,1.0,-13.0,-3.0,10.0,8.0,23.0,11.0,7.0,49.0,3.0,7.0,9691.0,19382.0,99.0,140.0
Sasburgia,Lelia,Schlisenhau,261.0,Germanic,"Old
Germanic
Beliefs",Hunting,0.0,0.0,0.0,0.0,0.0,0.0,0.0,0.0,"Tropical
forest",1138.0,1,1,1.0,0.0,1,0.0,0.0,0.0,0.0,0.0,0.0,0.0,-1.0,0.0,2.0,0.0,3.0,0.0,1.0,6.0,1.0,3.0,1138.0,2276.0,34.0,48.0
Hetos,Troyrosia,Ampsaxos,262.0,Hellenic,"Helbiaion
Religion",Hunting,5.0,0.0,0.0,0.0,0.0,1.0,1.0,0.0,"Tropical
forest",1457.0,2,1,1.0,0.5,1,0.0,0.0,0.0,0.0,0.0,0.0,0.0,-1.0,0.0,2.0,0.0,3.0,0.0,1.0,8.0,1.0,3.0,1457.0,2914.0,39.0,54.0
Pali,Ruolalamia,Manlurun,263.0,Persian,"Helbiaion
Religion",Generic,1.0,0.0,0.0,0.0,0.0,1.0,0.0,0.0,"Tropical
rainforest",8567.0,14,8,11.0,0.0,3.0,1.0,0.0,2.0,2.0,1.0,1.0,1.0,-11.0,-3.0,8.0,6.0,19.0,9.0,6.0,43.0,3.0,7.0,8567.0,17134.0,93.0,131.0
Hetos,Boviataci,Psychraion,264.0,Hellenic,"Helbiaion
Religion",Generic,1.0,0.0,0.0,0.0,0.0,1.0,1.0,0.0,"Temperate
forest",11585.0,19,11,15.0,0.0,4.0,2.0,0.0,3.0,3.0,1.0,1.0,1.0,-15.0,-3.0,12.0,9.0,27.0,12.0,8.0,58.0,3.0,8.0,11585.0,23170.0,108.0,153.0
Neutrals,Parabriz,Estar,265.0,Persian,"Persian
Deities",Highland,1.0,0.0,0.0,0.0,0.0,1.0,0.0,0.0,Taiga,16361.0,27,16,21.0,0.5,5.0,3.0,1.0,4.0,5.0,1.0,1.0,1.0,-21.0,-3.0,17.5,14.0,38.5,17.0,11.0,82.0,4.0,10.0,16361.0,32722.0,128.0,181.0
Chamia,Dugedia,Shamabafa,266.0,Persian,"Persian
Deities",Hunting,1.0,0.0,0.0,0.0,0.0,0.0,0.0,0.0,"Temperate
rainforest",1724.0,2,1,1.0,0.5,1,0.0,0.0,0.0,0.0,0.0,0.0,0.0,-1.0,0.0,2.0,0.0,3.0,0.0,2.0,9.0,2.0,3.0,1724.0,3448.0,42.0,59.0
Sasburgia,Tieben,Herebenter,267.0,Germanic,Germanicism,Highland,1.0,0.0,0.0,0.0,0.0,1.0,0.0,0.0,Grassland,10226.0,17,10,14.0,-0.5,3.0,2.0,0.0,3.0,3.0,1.0,1.0,1.0,-14.0,-3.0,10.0,9.0,24.0,12.0,7.0,52.0,3.0,8.0,10226.0,20452.0,102.0,144.0
Joentara,Loijalia,Forse,268.0,Estian,"Estian
Spirits",Hunting,1.0,0.0,0.0,0.0,0.0,1.0,0.0,0.0,"Temperate
forest",1875.0,3,1,1.0,1.0,1.0,0.0,0.0,0.0,0.0,0.0,0.0,0.0,-1.0,0.0,2.0,0.0,3.0,0.0,2.0,10.0,2.0,4.0,1875.0,3750.0,44.0,62.0
Mulurikia,Druliobria,Contia,269.0,Roman,"Roman
Deities",Naval,2.0,0.0,0.0,1.0,0.0,1.0,0.0,0.0,"Temperate
rainforest",4850.0,8,4,4.0,2.0,1.0,1.0,0.0,1.0,1.0,0.0,0.0,0.0,-4.0,0.0,4.0,3.0,8.0,3.0,4.0,25.0,2.0,5.0,4850.0,9700.0,70.0,99.0
Hetos,Cydia,Titropona,270.0,Hellenic,"Helbiaion
Religion",Naval,6.0,0.0,0.0,1.0,0.0,1.0,1.0,0.0,"Tropical
forest",16265.999999999998,27,16,21.0,0.5,5.0,4.0,1.0,4.0,4.0,1.0,1.0,1.0,-21.0,-3.0,19.5,12.0,40.5,15.0,11.0,82.0,4.0,10.0,16266.0,32532.0,128.0,181.0
Tyrianti,Akhaionti,Troyros,271.0,Hellenic,"Helbiaion
Religion",Generic,5.0,0.0,0.0,0.0,0.0,1.0,0.0,0.0,"Tropical
rainforest",10918.0,18,10,14.0,0.0,4.0,2.0,0.0,2.0,3.0,1.0,1.0,1.0,-14.0,-3.0,12.0,8.0,26.0,11.0,7.0,55.0,3.0,8.0,10918.0,21836.0,105.0,148.0
Fasasania,Shah,Turum,272.0,Celtic,"Celtic
Forefathers",Highland,1.0,0.0,0.0,0.0,0.0,1.0,0.0,0.0,"Temperate
forest",1657.0,2,1,1.0,0.5,1,0.0,0.0,0.0,0.0,0.0,0.0,0.0,-1.0,0.0,2.0,0.0,3.0,0.0,2.0,9.0,2.0,3.0,1657.0,3314.0,41.0,58.0
Tyrianti,Cyzantibeth,Golalaion,273.0,Hellenic,"Helbiaion
Religion",Hunting,1.0,0.0,0.0,0.0,0.0,1.0,0.0,0.0,"Tropical
forest",1059.0,1,1,1.0,0.0,1,0.0,0.0,0.0,0.0,0.0,0.0,0.0,-1.0,0.0,2.0,0.0,3.0,0.0,1.0,6.0,1.0,3.0,1059.0,2118.0,33.0,47.0
Mulurikia,Kilvala,Avavaakioe,274.0,Estian,"Estian
Spirits",Generic,1.0,0.0,0.0,0.0,0.0,1.0,0.0,0.0,Grassland,10955.0,18,10,14.0,0.0,4.0,2.0,0.0,2.0,3.0,1.0,1.0,1.0,-14.0,-3.0,12.0,8.0,26.0,11.0,7.0,55.0,3.0,8.0,10955.0,21910.0,105.0,149.0
Eljanmaa,Vaia,Tulpa,275.0,Estian,"Estian
Spirits",Hunting,5.0,0.0,0.0,0.0,0.0,1.0,0.0,0.0,"Temperate
forest",3706.0,6,3,3.0,1.5,1.0,0.0,0.0,1.0,1.0,0.0,0.0,0.0,-3.0,0.0,2.0,3.0,5.0,3.0,3.0,19.0,2.0,5.0,3706.0,7412.0,61.0,87.0
Hetos,Troyrosia,Pithymnoscu,276.0,Hellenic,"Helbiaion
Religion",Hunting,1.0,0.0,0.0,0.0,0.0,0.0,1.0,0.0,"Tropical
forest",3301.0,5,3,3.0,1.0,1.0,0.0,0.0,1.0,1.0,0.0,0.0,0.0,-3.0,0.0,2.0,3.0,5.0,3.0,3.0,17.0,2.0,5.0,3301.0,6602.0,58.0,82.0
Tyrianti,Akhaionti,Gorcyro,277.0,Hellenic,"Helbiaion
Religion",Generic,1.0,0.0,0.0,0.0,0.0,1.0,0.0,0.0,"Tropical
forest",9167.0,15,9,12.0,0.0,4.0,1.0,0.0,2.0,2.0,1.0,1.0,1.0,-12.0,-3.0,10.0,6.0,22.0,9.0,6.0,46.0,3.0,7.0,9167.0,18334.0,96.0,136.0
Hetos,Boviataci,Pithenaros,278.0,Hellenic,"Helbiaion
Religion",Hunting,1.0,0.0,0.0,0.0,1.0,1.0,0.0,0.0,"Temperate
forest",1951.0,3,1,1.0,1.0,1.0,0.0,0.0,0.0,0.0,0.0,0.0,0.0,-1.0,0.0,2.0,0.0,3.0,0.0,2.0,10.0,2.0,4.0,1951.0,3902.0,45.0,63.0
Bukania,Nashehteh,Nagesheh,279.0,Persian,"Helbiaion
Religion",Generic,1.0,0.0,0.0,0.0,1.0,1.0,0.0,0.0,"Temperate
rainforest",26371.0,43,26,34.0,0.5,10.0,4.0,1.0,6.0,7.0,2.0,2.0,2.0,-34.0,-6.0,29.5,20.0,63.5,26.0,17.0,132.0,5.0,12.0,26371.0,52742.0,163.0,230.0
Jepsa,Menaipia,Totti,280.0,Estian,"Estian
Spirits",Naval,2.0,0.0,0.0,1.0,1.0,1.0,0.0,0.0,"Temperate
forest",2836.0,4,2,4.0,-1.0,1.0,1.0,0.0,1.0,1.0,0.0,0.0,0.0,-4.0,0.0,4.0,3.0,8.0,3.0,2.0,15.0,2.0,4.0,2836.0,5672.0,54.0,76.0
Hetos,Legarisia,Debeleapon,281.0,Hellenic,"Helbiaion
Religion",Hunting,1.0,0.0,0.0,0.0,1.0,0.0,0.0,0.0,"Tropical
forest",2299.0,3,2,1.0,1.5,1.0,0.0,0.0,0.0,0.0,0.0,0.0,0.0,-1.0,0.0,2.0,0.0,3.0,0.0,2.0,12.0,2.0,4.0,2299.0,4598.0,48.0,68.0
Tapocia,Cypethos,Ampsos,282.0,Hellenic,"Hellenic
Pantheon",Hunting,1.0,0.0,0.0,0.0,0.0,1.0,0.0,0.0,"Temperate
forest",1715.0,2,1,1.0,0.5,1,0.0,0.0,0.0,0.0,0.0,0.0,0.0,-1.0,0.0,2.0,0.0,3.0,0.0,2.0,9.0,2.0,3.0,1715.0,3430.0,42.0,59.0
Hetos,Boviataci,Methos,283.0,Hellenic,"Helbiaion
Religion",Generic,1.0,0.0,0.0,0.0,0.0,1.0,0.0,0.0,"Temperate
forest",7466.0,12,7,11.0,-1.5,3.0,1.0,0.0,2.0,2.0,1.0,1.0,1.0,-11.0,-3.0,8.0,6.0,19.0,9.0,5.0,38.0,3.0,7.0,7466.0,14932.0,87.0,123.0
Fasasania,Dowlasimsia,Hasht,284.0,Scythian,"Scythian
Forefathers",Hunting,1.0,0.0,0.0,0.0,0.0,1.0,0.0,0.0,"Tropical
forest",3937.0,6,3,3.0,1.5,1.0,0.0,0.0,1.0,1.0,0.0,0.0,0.0,-3.0,0.0,2.0,3.0,5.0,3.0,3.0,20.0,2.0,5.0,3937.0,7874.0,63.0,89.0
Fasasania,Zran,Varabad,285.0,Scythian,"Scythian
Forefathers",Naval,2.0,0.0,0.0,1.0,0.0,1.0,0.0,0.0,"Tropical
forest",3749.0,6,3,4.0,0.5,1.0,1.0,0.0,1.0,1.0,0.0,0.0,0.0,-4.0,0.0,4.0,3.0,8.0,3.0,3.0,19.0,2.0,5.0,3749.0,7498.0,62.0,87.0
Sasburgia,Parabriz,Zafadabahi,286.0,Scythian,"Scythian
Forefathers",Generic,1.0,0.0,0.0,0.0,0.0,1.0,0.0,0.0,Grassland,2437.0,4,2,3.0,0.0,1.0,0.0,0.0,1.0,1.0,0.0,0.0,0.0,-3.0,0.0,2.0,3.0,5.0,3.0,2.0,13.0,2.0,4.0,2437.0,4874.0,50.0,70.0
Sasburgia,Tieben,Lieuenberg,287.0,Germanic,Germanicism,Generic,1.0,0.0,0.0,0.0,0.0,1.0,0.0,0.0,"Temperate
forest",10328.0,17,10,14.0,-0.5,4.0,2.0,0.0,2.0,3.0,1.0,1.0,1.0,-14.0,-3.0,12.0,8.0,26.0,11.0,7.0,52.0,3.0,8.0,10328.0,20656.0,102.0,144.0
Shahia,Varjoles,Jowshahrlik,288.0,Persian,"Helbiaion
Religion",Hunting,1.0,0.0,0.0,0.0,0.0,0.0,0.0,0.0,"Tropical
forest",1204.0,2,1,1.0,0.5,1,0.0,0.0,0.0,0.0,0.0,0.0,0.0,-1.0,0.0,2.0,0.0,3.0,0.0,1.0,7.0,1.0,3.0,1204.0,2408.0,35.0,50.0
Chamia,Shustan,Tiroft,289.0,Persian,"Persian
Deities",Hunting,5.0,0.0,0.0,0.0,0.0,0.0,0.0,0.0,"Tropical
rainforest",2470.0,4,2,2.0,1.0,1.0,0.0,0.0,0.0,1.0,0.0,0.0,0.0,-2.0,0.0,2.0,2.0,4.0,2.0,2.0,13.0,2.0,4.0,2470.0,4940.0,50.0,71.0
Naplaria,Hinkania,Porvi,290.0,Estian,"Estian
Spirits",Hunting,5.0,0.0,0.0,0.0,0.0,0.0,0.0,0.0,"Temperate
forest",3315.0,5,3,3.0,1.0,1.0,0.0,0.0,1.0,1.0,0.0,0.0,0.0,-3.0,0.0,2.0,3.0,5.0,3.0,3.0,17.0,2.0,5.0,3315.0,6630.0,58.0,82.0
Thropebeia,Hyeleuthos,Lekhasos,291.0,Hellenic,"Helbiaion
Religion",Hunting,5.0,0.0,0.0,0.0,0.0,0.0,0.0,0.0,"Tropical
rainforest",1971.0,3,1,1.0,1.0,1.0,0.0,0.0,0.0,0.0,0.0,0.0,0.0,-1.0,0.0,2.0,0.0,3.0,0.0,2.0,10.0,2.0,4.0,1971.0,3942.0,45.0,63.0
Tapocia,Histhos,Thyrotitapo,292.0,Hellenic,"Hellenic
Pantheon",Hunting,1.0,0.0,0.0,0.0,0.0,1.0,0.0,0.0,"Tropical
forest",5685.0,9,5,6.0,1.0,2.0,1.0,1.0,1.0,1.0,0.0,0.0,0.0,-6.0,0.0,7.5,3.0,13.5,3.0,4.0,29.0,2.0,6.0,5685.0,11370.0,76.0,107.0
Theonia,Rautmaa,Pydrialeta,293.0,Hellenic,"Helbiaion
Religion",Generic,1.0,0.0,0.0,0.0,0.0,1.0,0.0,0.0,"Tropical
forest",9762.0,16,9,13.0,-0.5,4.0,1.0,0.0,2.0,3.0,1.0,1.0,1.0,-13.0,-3.0,10.0,8.0,23.0,11.0,7.0,49.0,3.0,7.0,9762.0,19524.0,99.0,140.0
Chamia,Hamabilia,Shemshampy,294.0,Persian,"Persian
Deities",Hunting,1.0,0.0,0.0,0.0,0.0,0.0,0.0,0.0,"Temperate
forest",3370.0,5,3,3.0,1.0,1.0,0.0,0.0,1.0,1.0,0.0,0.0,0.0,-3.0,0.0,2.0,3.0,5.0,3.0,3.0,17.0,2.0,5.0,3370.0,6740.0,59.0,83.0
Vebutegia,Vindautum,Vilbium,295.0,Roman,"Roman
Shamanism",Generic,1.0,0.0,0.0,0.0,0.0,1.0,0.0,0.0,Grassland,12261.0,20,12,16.0,0.0,5.0,2.0,0.0,3.0,3.0,1.0,1.0,1.0,-16.0,-3.0,14.0,9.0,30.0,12.0,8.0,62.0,3.0,8.0,12261.0,24522.0,111.0,157.0
Jepsa,Kehmamen,Roykkapera,296.0,Estian,"Estian
Spirits",Hunting,1.0,0.0,0.0,0.0,1.0,1.0,0.0,0.0,Taiga,3710.0,6,3,3.0,1.5,1.0,0.0,0.0,1.0,1.0,0.0,0.0,0.0,-3.0,0.0,2.0,3.0,5.0,3.0,3.0,19.0,2.0,5.0,3710.0,7420.0,61.0,87.0
Tapocia,Thebaizep,Teralaiton,297.0,Hellenic,"Helbiaion
Religion",Hunting,1.0,0.0,0.0,0.0,0.0,0.0,0.0,0.0,"Tropical
forest",1214.0,2,1,1.0,0.5,1,0.0,0.0,0.0,0.0,0.0,0.0,0.0,-1.0,0.0,2.0,0.0,3.0,0.0,1.0,7.0,1.0,3.0,1214.0,2428.0,35.0,50.0
Chamia,Dugedia,Fedeh,298.0,Persian,"Persian
Deities",Generic,0.0,0.0,0.0,0.0,0.0,1.0,0.0,0.0,Grassland,11127.0,18,11,15.0,-0.5,4.0,2.0,0.0,3.0,3.0,1.0,1.0,1.0,-15.0,-3.0,12.0,9.0,27.0,12.0,7.0,56.0,3.0,8.0,11128.0,22254.0,106.0,150.0
Tapocia,Thebaizep,Stympsakou,299.0,Hellenic,"Helbiaion
Religion",Hunting,1.0,0.0,0.0,0.0,0.0,1.0,0.0,0.0,"Tropical
forest",4200.0,7,4,5.0,0.5,2.0,1.0,0.0,1.0,1.0,0.0,0.0,0.0,-5.0,0.0,6.0,3.0,11.0,3.0,3.0,21.0,2.0,5.0,4200.0,8400.0,65.0,92.0
Theonia,Akasenmaa,Enailiphos,300.0,Hellenic,"Helbiaion
Religion",Generic,1.0,0.0,0.0,0.0,0.0,1.0,0.0,0.0,"Temperate
forest",6593.0,10,6,6.0,2.0,2.0,1.0,0.0,1.0,2.0,0.0,0.0,0.0,-6.0,0.0,6.0,5.0,12.0,5.0,5.0,33.0,3.0,6.0,6593.0,13186.0,82.0,115.0
Ziyeh,Talkhast,Busgaheds,301.0,Persian,"Persian
Deities",Generic,1.0,0.0,0.0,0.0,0.0,1.0,0.0,0.0,Wetland,1152.0,1,1,1.0,0.0,1,0.0,0.0,0.0,0.0,0.0,0.0,0.0,-1.0,0.0,2.0,0.0,3.0,0.0,1.0,6.0,1.0,3.0,1152.0,2304.0,34.0,48.0
Eljanmaa,Lepa,Parvi,302.0,Estian,"Estian
Spirits",Hunting,1.0,0.0,0.0,0.0,0.0,1.0,0.0,0.0,"Temperate
forest",5347.0,8,5,6.0,0.5,2.0,1.0,1.0,1.0,1.0,0.0,0.0,0.0,-6.0,0.0,7.5,3.0,13.5,3.0,4.0,27.0,2.0,6.0,5347.0,10694.0,74.0,104.0
Sasburgia,Berg,Waldbrongen,303.0,Germanic,Germanicism,Generic,1.0,0.0,0.0,0.0,1.0,1.0,0.0,0.0,"Temperate
forest",19740.0,32,19,27.0,-1.5,8.0,3.0,1.0,4.0,5.0,2.0,2.0,2.0,-27.0,-6.0,23.5,14.0,50.5,20.0,13.0,99.0,4.0,10.0,19740.0,39480.0,141.0,199.0
Jepsa,Menaipia,Raulupunvaa,304.0,Estian,"Estian
Spirits",Generic,1.0,0.0,0.0,0.0,0.0,1.0,0.0,0.0,"Temperate
forest",690.0,1,0,1.0,-0.5,1,0.0,0.0,0.0,0.0,0.0,0.0,0.0,-1.0,0.0,2.0,0.0,3.0,0.0,1.0,4.0,1.0,2.0,690.0,1380.0,27.0,38.0
Eljanmaa,Jepsapaki,Lempaa,305.0,Estian,"Estian
Spirits",Generic,1.0,0.0,0.0,0.0,0.0,1.0,0.0,0.0,"Temperate
forest",14271.0,23,14,18.0,0.5,5.0,2.0,1.0,3.0,4.0,1.0,1.0,1.0,-18.0,-3.0,15.5,11.0,33.5,14.0,9.0,72.0,3.0,9.0,14271.0,28542.0,120.0,169.0
Tyrianti,Tenaigia,Psychre,306.0,Hellenic,"Helbiaion
Religion",Generic,5.0,0.0,0.0,0.0,0.0,1.0,0.0,0.0,"Tropical
rainforest",8821.0,14,8,11.0,0.0,3.0,1.0,0.0,2.0,2.0,1.0,1.0,1.0,-11.0,-3.0,8.0,6.0,19.0,9.0,6.0,45.0,3.0,7.0,8821.0,17642.0,94.0,133.0
Tyrianti,Troyros,Cyzantibeth,307.0,Hellenic,"Helbiaion
Religion",Generic,1.0,0.0,0.0,0.0,1.0,1.0,0.0,0.0,"Tropical
rainforest",12880.0,21,12,16.0,0.5,5.0,2.0,0.0,3.0,3.0,1.0,1.0,1.0,-16.0,-3.0,14.0,9.0,30.0,12.0,9.0,65.0,3.0,9.0,12880.0,25760.0,114.0,161.0
Theonia,Rautmaa,Paphapon,308.0,Hellenic,"Helbiaion
Religion",Hunting,1.0,0.0,0.0,0.0,0.0,0.0,0.0,0.0,"Tropical
forest",997.0,1,0,1.0,-0.5,1,0.0,0.0,0.0,0.0,0.0,0.0,0.0,-1.0,0.0,2.0,0.0,3.0,0.0,1.0,5.0,1.0,3.0,997.0,1994.0,32.0,45.0
Sasburgia,Opfheim,Ailerbolz,309.0,Germanic,"Old
Germanic
Beliefs",Hunting,0.0,0.0,0.0,0.0,0.0,0.0,0.0,0.0,"Tropical
forest",5589.0,9,5,6.0,1.0,2.0,1.0,1.0,1.0,1.0,0.0,0.0,0.0,-6.0,0.0,7.5,3.0,13.5,3.0,4.0,28.0,2.0,6.0,5589.0,11178.0,75.0,106.0
Sasburgia,Frohngen,Kapflochzar,310.0,Germanic,Germanicism,Hunting,5.0,0.0,0.0,0.0,0.0,1.0,0.0,0.0,"Temperate
forest",5299.0,8,5,6.0,0.5,2.0,1.0,1.0,1.0,1.0,0.0,0.0,0.0,-6.0,0.0,7.5,3.0,13.5,3.0,4.0,27.0,2.0,6.0,5299.0,10598.0,73.0,103.0
Mulurikia,Kilvala,Pohja,311.0,Estian,"Estian
Spirits",Generic,5.0,0.0,0.0,0.0,0.0,0.0,0.0,0.0,"Temperate
rainforest",10984.0,18,10,14.0,0.0,4.0,2.0,0.0,2.0,3.0,1.0,1.0,1.0,-14.0,-3.0,12.0,8.0,26.0,11.0,7.0,55.0,3.0,8.0,10985.0,21968.0,105.0,149.0
Mulurikia,Totsa,Caqugusen,312.0,Roman,"Roman
Deities",Generic,1.0,0.0,0.0,0.0,0.0,1.0,0.0,0.0,"Temperate
rainforest",6632.0,11,6,7.0,1.5,2.0,1.0,0.0,2.0,2.0,0.0,0.0,0.0,-7.0,0.0,6.0,6.0,13.0,6.0,5.0,34.0,3.0,6.0,6632.0,13264.0,82.0,116.0
Fasasania,Shahrdestan,Bareshahr,313.0,Scythian,"Scythian
Forefathers",Generic,1.0,0.0,0.0,0.0,0.0,1.0,0.0,0.0,Savanna,7355.0,12,7,11.0,-1.5,3.0,1.0,0.0,2.0,2.0,1.0,1.0,1.0,-11.0,-3.0,8.0,6.0,19.0,9.0,5.0,37.0,3.0,7.0,7355.0,14710.0,86.0,122.0
Fasasania,Parnamk,Jowslamshad,314.0,Scythian,"Scythian
Forefathers",Generic,5.0,0.0,0.0,0.0,1.0,1.0,0.0,0.0,Savanna,957.0,1,0,1.0,-0.5,1,0.0,0.0,0.0,0.0,0.0,0.0,0.0,-1.0,0.0,2.0,0.0,3.0,0.0,1.0,5.0,1.0,3.0,957.0,1914.0,31.0,44.0
Fasasania,Parnamk,Haqansar,315.0,Scythian,"Scythian
Forefathers",Generic,1.0,0.0,0.0,0.0,0.0,0.0,0.0,0.0,Savanna,5190.0,8,5,5.0,1.5,2.0,1.0,0.0,1.0,1.0,0.0,0.0,0.0,-5.0,0.0,6.0,3.0,11.0,3.0,4.0,26.0,2.0,6.0,5190.0,10380.0,73.0,102.0
Jepsa,Raplaki,Kokkalija,316.0,Estian,"Estian
Spirits",Hunting,5.0,0.0,0.0,0.0,0.0,0.0,0.0,0.0,"Temperate
forest",1740.0,2,1,1.0,0.5,1,0.0,0.0,0.0,0.0,0.0,0.0,0.0,-1.0,0.0,2.0,0.0,3.0,0.0,2.0,9.0,2.0,3.0,1740.0,3480.0,42.0,59.0
Fasasania,Shahrdestan,Ayehtarok,317.0,Scythian,"Scythian
Forefathers",Lake,1.0,0.0,0.0,0.0,0.0,1.0,0.0,0.0,Savanna,1677.0,2,1,1.0,0.5,1,0.0,0.0,0.0,0.0,0.0,0.0,0.0,-1.0,0.0,2.0,0.0,3.0,0.0,2.0,9.0,2.0,3.0,1677.0,3354.0,41.0,58.0
Sasburgia,Weilerland,Rheingendorf,318.0,Germanic,Germanicism,Generic,1.0,0.0,0.0,0.0,0.0,1.0,0.0,0.0,"Temperate
forest",14224.0,23,14,18.0,0.5,5.0,2.0,1.0,3.0,4.0,1.0,1.0,1.0,-18.0,-3.0,15.5,11.0,33.5,14.0,9.0,72.0,3.0,9.0,14224.0,28448.0,120.0,169.0
Druriria,Inaralas,Liganorum,319.0,Roman,"Roman
Shamanism",Lake,5.0,0.0,0.0,0.0,0.0,1.0,0.0,0.0,"Temperate
forest",4051.9999999999995,6,4,4.0,1.0,1.0,1.0,0.0,1.0,1.0,0.0,0.0,0.0,-4.0,0.0,4.0,3.0,8.0,3.0,3.0,21.0,2.0,5.0,4052.0,8104.0,64.0,91.0
Hetos,Legarisia,Thupaktos,320.0,Hellenic,"Helbiaion
Religion",Generic,5.0,0.0,0.0,0.0,0.0,1.0,1.0,0.0,"Tropical
forest",12445.0,20,12,16.0,0.0,5.0,2.0,0.0,3.0,3.0,1.0,1.0,1.0,-16.0,-3.0,14.0,9.0,30.0,12.0,8.0,63.0,3.0,8.0,12445.0,24890.0,112.0,158.0
Tyrianti,Sapala,Sesia,321.0,Hellenic,"Helbiaion
Religion",Hunting,1.0,0.0,0.0,0.0,0.0,1.0,0.0,0.0,"Tropical
forest",1661.0,2,1,1.0,0.5,1,0.0,0.0,0.0,0.0,0.0,0.0,0.0,-1.0,0.0,2.0,0.0,3.0,0.0,2.0,9.0,2.0,3.0,1662.0,3322.0,41.0,58.0
Sasburgia,Opfheim,Pewald,322.0,Germanic,"Old
Germanic
Beliefs",Hunting,0.0,0.0,0.0,0.0,0.0,1.0,0.0,0.0,"Tropical
forest",1166.0,1,1,1.0,0.0,1,0.0,0.0,0.0,0.0,0.0,0.0,0.0,-1.0,0.0,2.0,0.0,3.0,0.0,1.0,6.0,1.0,3.0,1166.0,2332.0,35.0,49.0
Bukania,Nashehteh,Surira,323.0,Hellenic,"Helbiaion
Religion",Generic,1.0,0.0,0.0,0.0,0.0,0.0,0.0,0.0,"Temperate
forest",9268.0,15,9,12.0,0.0,4.0,1.0,0.0,2.0,2.0,1.0,1.0,1.0,-12.0,-3.0,10.0,6.0,22.0,9.0,6.0,47.0,3.0,7.0,9268.0,18536.0,97.0,137.0
Druriria,Hoskog,Inaralas,324.0,Roman,"Roman
Shamanism",Lake,1.0,0.0,0.0,0.0,0.0,1.0,0.0,0.0,Grassland,11191.0,18,11,14.0,0.5,4.0,2.0,0.0,2.0,3.0,1.0,1.0,1.0,-14.0,-3.0,12.0,8.0,26.0,11.0,7.0,56.0,3.0,8.0,11191.0,22382.0,106.0,150.0
Sasburgia,Fredenmunsa,Berghaupen,325.0,Germanic,Germanicism,Hunting,1.0,0.0,0.0,0.0,0.0,1.0,0.0,0.0,"Temperate
forest",1769.0,2,1,1.0,0.5,1,0.0,0.0,0.0,0.0,0.0,0.0,0.0,-1.0,0.0,2.0,0.0,3.0,0.0,2.0,9.0,2.0,3.0,1769.0,3538.0,43.0,60.0
Theonia,Rautmaa,Imbla,326.0,Hellenic,"Helbiaion
Religion",Hunting,1.0,0.0,0.0,0.0,0.0,1.0,0.0,0.0,"Tropical
forest",999.0,1,0,1.0,-0.5,1,0.0,0.0,0.0,0.0,0.0,0.0,0.0,-1.0,0.0,2.0,0.0,3.0,0.0,1.0,5.0,1.0,3.0,999.0,1998.0,32.0,45.0
Sasburgia,Opfheim,Open,327.0,Germanic,"Old
Germanic
Beliefs",Generic,0.0,0.0,0.0,0.0,0.0,0.0,0.0,0.0,"Tropical
forest",9562.0,15,9,12.0,0.0,4.0,1.0,0.0,2.0,2.0,1.0,1.0,1.0,-12.0,-3.0,10.0,6.0,22.0,9.0,6.0,48.0,3.0,7.0,9562.0,19124.0,98.0,139.0
Bukania,Sadashtia,Varjoles,328.0,Persian,"Persian
Deities",Generic,1.0,0.0,0.0,0.0,0.0,1.0,0.0,0.0,"Tropical
forest",16388.0,27,16,21.0,0.5,6.0,3.0,1.0,4.0,4.0,1.0,1.0,1.0,-21.0,-3.0,19.5,12.0,40.5,15.0,11.0,82.0,4.0,10.0,16388.0,32776.0,129.0,182.0
Sasburgia,Tieben,Rickenweise,329.0,Germanic,Germanicism,Generic,1.0,0.0,0.0,0.0,0.0,0.0,0.0,0.0,"Temperate
forest",8042.999999999999,13,8,11.0,-0.5,3.0,1.0,0.0,2.0,2.0,1.0,1.0,1.0,-11.0,-3.0,8.0,6.0,19.0,9.0,6.0,41.0,3.0,7.0,8043.0,16086.0,90.0,127.0
Ziyeh,Aka,Konar,330.0,Persian,"Persian
Deities",Generic,1.0,0.0,0.0,0.0,0.0,1.0,0.0,0.0,"Tropical
rainforest",11142.0,18,11,15.0,-0.5,4.0,2.0,0.0,3.0,3.0,1.0,1.0,1.0,-15.0,-3.0,12.0,9.0,27.0,12.0,7.0,56.0,3.0,8.0,11142.0,22284.0,106.0,150.0
Joentara,Kautia,Kauni,331.0,Estian,"Estian
Spirits",Hunting,1.0,0.0,0.0,0.0,1.0,0.0,0.0,0.0,"Temperate
forest",3935.0,6,3,3.0,1.5,1.0,0.0,0.0,1.0,1.0,0.0,0.0,0.0,-3.0,0.0,2.0,3.0,5.0,3.0,3.0,20.0,2.0,5.0,3935.0,7870.0,63.0,89.0
Vavala,Polumia,Siunda,332.0,Estian,"Estian
Spirits",Generic,1.0,0.0,0.0,0.0,0.0,0.0,0.0,0.0,Grassland,3468.0,5,3,3.0,1.0,1.0,0.0,0.0,1.0,1.0,0.0,0.0,0.0,-3.0,0.0,2.0,3.0,5.0,3.0,3.0,18.0,2.0,5.0,3468.0,6936.0,59.0,84.0
Cielumnia,Opel,Gerantesium,333.0,Roman,"Roman
Shamanism",Generic,1.0,0.0,0.0,0.0,0.0,0.0,0.0,0.0,Grassland,3537.0,5,3,3.0,1.0,1.0,0.0,0.0,1.0,1.0,0.0,0.0,0.0,-3.0,0.0,2.0,3.0,5.0,3.0,3.0,18.0,2.0,5.0,3537.0,7074.0,60.0,85.0
Tapocia,Histhos,Ampha,334.0,Hellenic,"Hellenic
Pantheon",Hunting,1.0,0.0,0.0,0.0,0.0,1.0,0.0,0.0,"Tropical
forest",1591.0,2,1,1.0,0.5,1,0.0,0.0,0.0,0.0,0.0,0.0,0.0,-1.0,0.0,2.0,0.0,3.0,0.0,1.0,8.0,1.0,3.0,1591.0,3182.0,40.0,57.0
Bukania,Pulbium,Lekros,335.0,Hellenic,"Helbiaion
Religion",Hunting,1.0,0.0,0.0,0.0,0.0,0.0,0.0,0.0,"Tropical
forest",1006.0,1,1,1.0,0.0,1,0.0,0.0,0.0,0.0,0.0,0.0,0.0,-1.0,0.0,2.0,0.0,3.0,0.0,1.0,6.0,1.0,3.0,1006.0,2012.0,32.0,45.0
Fasasania,Dowlasimsia,Asham,336.0,Scythian,"Scythian
Forefathers",Naval,2.0,0.0,0.0,1.0,0.0,1.0,0.0,0.0,Savanna,1827.0,3,1,1.0,1.0,1,0.0,0.0,0.0,0.0,0.0,0.0,0.0,-1.0,0.0,2.0,0.0,3.0,0.0,2.0,10.0,2.0,4.0,1827.0,3654.0,43.0,61.0
Fasasania,"New
Dugedia",Echeh,337.0,Scythian,"Scythian
Forefathers",Generic,1.0,0.0,0.0,0.0,0.0,1.0,0.0,0.0,Savanna,691.0,1,0,1.0,-0.5,1,0.0,0.0,0.0,0.0,0.0,0.0,0.0,-1.0,0.0,2.0,0.0,3.0,0.0,1.0,4.0,1.0,2.0,691.0,1382.0,27.0,38.0
Neutrals,Parabriz,Namolpaqers,338.0,Scythian,"Scythian
Forefathers",Highland,1.0,0.0,0.0,0.0,0.0,1.0,0.0,0.0,Grassland,668.0,1,0,1.0,-0.5,1,0.0,0.0,0.0,0.0,0.0,0.0,0.0,-1.0,0.0,2.0,0.0,3.0,0.0,1.0,4.0,1.0,2.0,668.0,1336.0,26.0,37.0
Eljanmaa,Rakaki,Torvi,339.0,Estian,"Estian
Spirits",Generic,1.0,0.0,0.0,0.0,0.0,1.0,0.0,0.0,Grassland,2322.0,3,2,2.0,0.5,1.0,0.0,0.0,0.0,1.0,0.0,0.0,0.0,-2.0,0.0,2.0,2.0,4.0,2.0,2.0,12.0,2.0,4.0,2322.0,4644.0,49.0,69.0
Chamia,Dastgerd,Zalejankala,340.0,Persian,"Persian
Deities",Generic,1.0,0.0,0.0,0.0,0.0,1.0,0.0,0.0,Wetland,4413.0,7,4,5.0,0.5,2.0,1.0,0.0,1.0,1.0,0.0,0.0,0.0,-5.0,0.0,6.0,3.0,11.0,3.0,3.0,23.0,2.0,5.0,4413.0,8826.0,67.0,94.0
Druriria,Hoskog,Adnicrem,341.0,Roman,"Roman
Shamanism",Lake,5.0,0.0,0.0,0.0,0.0,1.0,0.0,0.0,"Temperate
forest",4218.0,7,4,5.0,0.5,2.0,1.0,0.0,1.0,1.0,0.0,0.0,0.0,-5.0,0.0,6.0,3.0,11.0,3.0,3.0,22.0,2.0,5.0,4218.0,8436.0,65.0,92.0
Naplaria,Nogesihi,Nuorvi,342.0,Estian,"Vaamalese
Church",Hunting,1.0,0.0,0.0,0.0,0.0,1.0,0.0,0.0,"Temperate
rainforest",1791.0,2,1,1.0,0.5,1,0.0,0.0,0.0,0.0,0.0,0.0,0.0,-1.0,0.0,2.0,0.0,3.0,0.0,2.0,9.0,2.0,3.0,1791.0,3582.0,43.0,60.0
Tapocia,Cypethos,Cysatissos,343.0,Hellenic,"Hellenic
Pantheon",Hunting,1.0,0.0,0.0,0.0,0.0,0.0,0.0,0.0,"Tropical
forest",1094.0,1,1,1.0,0.0,1,0.0,0.0,0.0,0.0,0.0,0.0,0.0,-1.0,0.0,2.0,0.0,3.0,0.0,1.0,6.0,1.0,3.0,1094.0,2188.0,34.0,47.0
Fasasania,Dowlasimsia,Arezvanshan,344.0,Scythian,"Scythian
Forefathers",Generic,1.0,0.0,0.0,0.0,0.0,1.0,0.0,0.0,Savanna,3553.0,5,3,3.0,1.0,1.0,0.0,0.0,1.0,1.0,0.0,0.0,0.0,-3.0,0.0,2.0,3.0,5.0,3.0,3.0,18.0,2.0,5.0,3553.0,7106.0,60.0,85.0
Ziyeh,Chayeri,Varveshahr,345.0,Persian,"Persian
Deities",Generic,1.0,0.0,0.0,0.0,0.0,1.0,0.0,0.0,Wetland,12799.0,21,12,16.0,0.5,5.0,2.0,0.0,3.0,3.0,1.0,1.0,1.0,-16.0,-3.0,14.0,9.0,30.0,12.0,8.0,64.0,3.0,8.0,12799.0,25598.0,114.0,160.0
Eljanmaa,Jepsapaki,Lohlai,346.0,Estian,"Estian
Spirits",Generic,1.0,0.0,0.0,0.0,0.0,1.0,0.0,0.0,"Temperate
forest",9458.0,15,9,12.0,0.0,4.0,1.0,0.0,2.0,2.0,1.0,1.0,1.0,-12.0,-3.0,10.0,6.0,22.0,9.0,6.0,48.0,3.0,7.0,9458.0,18916.0,98.0,138.0
Jepsa,Menaipia,Kyltalahra,347.0,Estian,"Estian
Spirits",Hunting,1.0,0.0,0.0,0.0,0.0,1.0,0.0,0.0,Grassland,4721.0,7,4,5.0,0.5,2.0,1.0,0.0,1.0,1.0,0.0,0.0,0.0,-5.0,0.0,6.0,3.0,11.0,3.0,3.0,24.0,2.0,5.0,4721.0,9442.0,69.0,98.0
Naplaria,Vaamali,Kalajavo,348.0,Estian,"Vaamalese
Church",Generic,5.0,0.0,0.0,0.0,0.0,1.0,1.0,0.0,"Temperate
forest",701.0,1,0,1.0,-0.5,1,0.0,0.0,0.0,0.0,0.0,0.0,0.0,-1.0,0.0,2.0,0.0,3.0,0.0,1.0,4.0,1.0,2.0,701.0,1402.0,27.0,38.0
Naplaria,Stralagas,Vehjapame,349.0,Estian,"Vaamalese
Church",Hunting,1.0,0.0,0.0,0.0,0.0,1.0,1.0,0.0,"Temperate
rainforest",1730.0,2,1,1.0,0.5,1,0.0,0.0,0.0,0.0,0.0,0.0,0.0,-1.0,0.0,2.0,0.0,3.0,0.0,2.0,9.0,2.0,3.0,1730.0,3460.0,42.0,59.0
Tyrianti,Troyros,Rhamnos,350.0,Hellenic,"Helbiaion
Religion",Generic,5.0,0.0,0.0,0.0,1.0,1.0,0.0,0.0,"Tropical
rainforest",19939.0,33,19,28.0,-2.0,8.0,3.0,1.0,5.0,5.0,2.0,2.0,2.0,-28.0,-6.0,23.5,15.0,51.5,21.0,13.0,100.0,4.0,10.0,19939.0,39878.0,142.0,200.0
Tapocia,Histhos,Teniaris,351.0,Hellenic,"Hellenic
Pantheon",Generic,1.0,0.0,0.0,0.0,0.0,0.0,0.0,0.0,"Tropical
forest",9298.0,15,9,12.0,0.0,4.0,1.0,0.0,2.0,2.0,1.0,1.0,1.0,-12.0,-3.0,10.0,6.0,22.0,9.0,6.0,47.0,3.0,7.0,9298.0,18596.0,97.0,137.0
Ziyeh,Aka,Habad,352.0,Persian,"Persian
Deities",Generic,1.0,0.0,0.0,0.0,0.0,1.0,0.0,0.0,Wetland,4302.0,7,4,5.0,0.5,2.0,1.0,0.0,1.0,1.0,0.0,0.0,0.0,-5.0,0.0,6.0,3.0,11.0,3.0,3.0,22.0,2.0,5.0,4302.0,8604.0,66.0,93.0
Vavala,Hinkania,Viljan,353.0,Estian,"Estian
Spirits",Hunting,1.0,0.0,0.0,0.0,0.0,1.0,0.0,0.0,Grassland,2205.0,3,2,1.0,1.5,1.0,0.0,0.0,0.0,0.0,0.0,0.0,0.0,-1.0,0.0,2.0,0.0,3.0,0.0,2.0,12.0,2.0,4.0,2205.0,4410.0,47.0,67.0
Sasburgia,Frohngen,Rheisach,354.0,Germanic,Germanicism,Generic,1.0,0.0,0.0,0.0,0.0,1.0,0.0,0.0,Grassland,735.0,1,0,1.0,-0.5,1,0.0,0.0,0.0,0.0,0.0,0.0,0.0,-1.0,0.0,2.0,0.0,3.0,0.0,1.0,4.0,1.0,2.0,735.0,1470.0,28.0,39.0
Tyrianti,Sapala,Jukra,355.0,Hellenic,"Helbiaion
Religion",Generic,1.0,0.0,0.0,0.0,0.0,1.0,0.0,0.0,"Tropical
forest",8191.000000000001,13,8,11.0,-0.5,3.0,1.0,0.0,2.0,2.0,1.0,1.0,1.0,-11.0,-3.0,8.0,6.0,19.0,9.0,6.0,41.0,3.0,7.0,8192.0,16383.0,91.0,128.0
Theonia,Rautmaa,Argos,356.0,Hellenic,"Helbiaion
Religion",Hunting,1.0,0.0,0.0,0.0,0.0,1.0,0.0,0.0,"Tropical
forest",4377.0,7,4,5.0,0.5,2.0,1.0,0.0,1.0,1.0,0.0,0.0,0.0,-5.0,0.0,6.0,3.0,11.0,3.0,3.0,22.0,2.0,5.0,4377.0,8754.0,67.0,94.0
Sasburgia,Lelia,Frohngengen,357.0,Germanic,"Old
Germanic
Beliefs",Hunting,0.0,0.0,0.0,0.0,0.0,0.0,0.0,0.0,"Tropical
forest",1198.0,1,1,1.0,0.0,1,0.0,0.0,0.0,0.0,0.0,0.0,0.0,-1.0,0.0,2.0,0.0,3.0,0.0,1.0,6.0,1.0,3.0,1198.0,2396.0,35.0,49.0
Fasasania,Parnamk,Bushian,358.0,Scythian,"Scythian
Forefathers",Generic,5.0,0.0,0.0,0.0,0.0,0.0,0.0,0.0,Savanna,1769.0,2,1,1.0,0.5,1,0.0,0.0,0.0,0.0,0.0,0.0,0.0,-1.0,0.0,2.0,0.0,3.0,0.0,2.0,9.0,2.0,3.0,1769.0,3538.0,43.0,60.0
Ziyeh,Talkhast,Komeshcheh,359.0,Persian,"Persian
Deities",Generic,5.0,0.0,0.0,0.0,1.0,1.0,0.0,0.0,Wetland,884.0,1,0,1.0,-0.5,1,0.0,0.0,0.0,0.0,0.0,0.0,0.0,-1.0,0.0,2.0,0.0,3.0,0.0,1.0,5.0,1.0,3.0,884.0,1768.0,30.0,43.0
Vavala,Polumia,Ourilama,360.0,Estian,"Estian
Spirits",Generic,1.0,0.0,0.0,0.0,0.0,1.0,0.0,0.0,Grassland,636.0,1,0,1.0,-0.5,1,0.0,0.0,0.0,0.0,0.0,0.0,0.0,-1.0,0.0,2.0,0.0,3.0,0.0,1.0,4.0,1.0,2.0,636.0,1272.0,26.0,36.0
Sasburgia,Bridanumia,Lausach,361.0,Germanic,"Old
Germanic
Beliefs",Hunting,0.0,0.0,0.0,0.0,0.0,1.0,0.0,0.0,"Tropical
forest",1194.0,1,1,1.0,0.0,1,0.0,0.0,0.0,0.0,0.0,0.0,0.0,-1.0,0.0,2.0,0.0,3.0,0.0,1.0,6.0,1.0,3.0,1194.0,2388.0,35.0,49.0
Sasburgia,Lenzgraberg,Farand,362.0,Scythian,Germanicism,Generic,1.0,0.0,0.0,0.0,0.0,1.0,0.0,0.0,Grassland,4601.0,7,4,5.0,0.5,2.0,1.0,0.0,1.0,1.0,0.0,0.0,0.0,-5.0,0.0,6.0,3.0,11.0,3.0,3.0,24.0,2.0,5.0,4601.0,9202.0,68.0,96.0
Vebutegia,Vilbium,Leralavata,363.0,Roman,"Roman
Shamanism",Hunting,1.0,0.0,0.0,0.0,0.0,1.0,0.0,0.0,"Temperate
forest",5427.0,9,5,6.0,1.0,2.0,1.0,1.0,1.0,1.0,0.0,0.0,0.0,-6.0,0.0,7.5,3.0,13.5,3.0,4.0,28.0,2.0,6.0,5427.0,10854.0,74.0,105.0
Cielumnia,Hauheterswe,Lugduridi,364.0,Roman,"Roman
Shamanism",Generic,5.0,0.0,0.0,0.0,0.0,1.0,0.0,0.0,Grassland,8609.0,14,8,11.0,0.0,3.0,1.0,0.0,2.0,2.0,1.0,1.0,1.0,-11.0,-3.0,8.0,6.0,19.0,9.0,6.0,44.0,3.0,7.0,8609.0,17218.0,93.0,132.0
Tapocia,Thebaizep,Aphosmenia,365.0,Hellenic,"Helbiaion
Religion",Hunting,1.0,0.0,0.0,0.0,0.0,0.0,0.0,0.0,"Tropical
forest",1801.0,3,1,1.0,1.0,1.0,0.0,0.0,0.0,0.0,0.0,0.0,0.0,-1.0,0.0,2.0,0.0,3.0,0.0,2.0,10.0,2.0,4.0,1801.0,3602.0,43.0,61.0
Fasasania,Shah,Vabad,366.0,Scythian,"Scythian
Forefathers",Generic,1.0,0.0,0.0,0.0,0.0,0.0,0.0,0.0,Savanna,567.0,0,0,1.0,-1.0,1,0.0,0.0,0.0,0.0,0.0,0.0,0.0,-1.0,0.0,2.0,0.0,3.0,0.0,1.0,3.0,1.0,2.0,567.0,1134.0,24.0,34.0
Sasburgia,Lenzgraberg,Zadaibastan,367.0,Scythian,"Scythian
Forefathers",Generic,1.0,0.0,0.0,0.0,0.0,1.0,0.0,0.0,Grassland,4496.0,7,4,5.0,0.5,2.0,1.0,0.0,1.0,1.0,0.0,0.0,0.0,-5.0,0.0,6.0,3.0,11.0,3.0,3.0,23.0,2.0,5.0,4496.0,8992.0,68.0,95.0
Cielumnia,Opel,Victrum,368.0,Roman,"Roman
Shamanism",Generic,5.0,0.0,0.0,0.0,0.0,1.0,0.0,0.0,Grassland,7129.0,11,7,11.0,-2.0,3.0,1.0,0.0,2.0,2.0,1.0,1.0,1.0,-11.0,-3.0,8.0,6.0,19.0,9.0,5.0,36.0,3.0,6.0,7129.0,14258.0,85.0,120.0
Vavala,Hinkania,Hattu,369.0,Estian,"Estian
Spirits",Generic,1.0,0.0,0.0,0.0,0.0,1.0,0.0,0.0,Grassland,710.0,1,0,1.0,-0.5,1,0.0,0.0,0.0,0.0,0.0,0.0,0.0,-1.0,0.0,2.0,0.0,3.0,0.0,1.0,4.0,1.0,2.0,710.0,1420.0,27.0,38.0
Jepsa,Menaipia,Lauruuvara,370.0,Estian,"Estian
Spirits",Hunting,1.0,0.0,0.0,0.0,0.0,1.0,0.0,0.0,"Temperate
forest",2080.0,3,2,1.0,1.5,1.0,0.0,0.0,0.0,0.0,0.0,0.0,0.0,-1.0,0.0,2.0,0.0,3.0,0.0,2.0,11.0,2.0,4.0,2080.0,4160.0,46.0,65.0
Tapocia,Shemshahria,Aeliorysthe,371.0,Hellenic,"Hellenic
Pantheon",Hunting,1.0,0.0,0.0,0.0,0.0,0.0,0.0,0.0,"Tropical
forest",1142.0,1,1,1.0,0.0,1,0.0,0.0,0.0,0.0,0.0,0.0,0.0,-1.0,0.0,2.0,0.0,3.0,0.0,1.0,6.0,1.0,3.0,1142.0,2284.0,34.0,48.0
Tapocia,Abenia,Histhos,372.0,Hellenic,"Hellenic
Pantheon",Generic,1.0,0.0,0.0,0.0,0.0,1.0,0.0,0.0,Savanna,10427.0,17,10,14.0,-0.5,4.0,2.0,0.0,2.0,3.0,1.0,1.0,1.0,-14.0,-3.0,12.0,8.0,26.0,11.0,7.0,53.0,3.0,8.0,10427.0,20854.0,103.0,145.0
Tapocia,Cypethos,Pholis,373.0,Hellenic,"Hellenic
Pantheon",Hunting,1.0,0.0,0.0,0.0,0.0,0.0,0.0,0.0,"Temperate
forest",1818.0,3,1,1.0,1.0,1.0,0.0,0.0,0.0,0.0,0.0,0.0,0.0,-1.0,0.0,2.0,0.0,3.0,0.0,2.0,10.0,2.0,4.0,1818.0,3636.0,43.0,61.0
Tapocia,Inverwick,Thucia,374.0,Hellenic,"Celtic
Forefathers",Generic,1.0,0.0,0.0,0.0,1.0,1.0,1.0,0.0,"Temperate
forest",25316.0,42,25,34.0,-0.5,10.0,4.0,1.0,6.0,7.0,2.0,2.0,2.0,-34.0,-6.0,29.5,20.0,63.5,26.0,16.0,127.0,4.0,12.0,25316.0,50632.0,160.0,226.0
Sasburgia,Opfheim,Buchebengen,375.0,Germanic,"Old
Germanic
Beliefs",Hunting,0.0,0.0,0.0,0.0,0.0,0.0,0.0,0.0,"Tropical
rainforest",1130.0,1,1,1.0,0.0,1,0.0,0.0,0.0,0.0,0.0,0.0,0.0,-1.0,0.0,2.0,0.0,3.0,0.0,1.0,6.0,1.0,3.0,1130.0,2260.0,34.0,48.0
Bukania,Hajdasirsia,Ashahr,376.0,Persian,"Persian
Deities",Hunting,1.0,0.0,0.0,0.0,0.0,1.0,0.0,0.0,"Temperate
forest",1783.0,2,1,1.0,0.5,1,0.0,0.0,0.0,0.0,0.0,0.0,0.0,-1.0,0.0,2.0,0.0,3.0,0.0,2.0,9.0,2.0,3.0,1783.0,3566.0,43.0,60.0
Sasburgia,Lenzgraberg,Schom,377.0,Germanic,"Scythian
Forefathers",Generic,1.0,0.0,0.0,0.0,0.0,1.0,0.0,0.0,Grassland,6049.0,10,6,6.0,2.0,2.0,1.0,0.0,1.0,2.0,0.0,0.0,0.0,-6.0,0.0,6.0,5.0,12.0,5.0,4.0,31.0,2.0,6.0,6049.0,12098.0,78.0,110.0
Chamia,Dastgerd,Dehen,378.0,Persian,"Persian
Deities",Generic,1.0,0.0,0.0,0.0,0.0,1.0,1.0,1.0,"Temperate
rainforest",22057.0,36,22,30.0,-1.0,9.0,3.0,1.0,5.0,6.0,2.0,2.0,2.0,-30.0,-6.0,25.5,17.0,55.5,23.0,14.0,111.0,4.0,11.0,22057.0,44114.0,149.0,211.0
Thropebeia,Dopepikonia,Nauphospian,379.0,Hellenic,"Helbiaion
Religion",Generic,1.0,0.0,0.0,0.0,0.0,1.0,0.0,0.0,"Tropical
rainforest",1784.0,2,1,1.0,0.5,1,0.0,0.0,0.0,0.0,0.0,0.0,0.0,-1.0,0.0,2.0,0.0,3.0,0.0,2.0,9.0,2.0,3.0,1784.0,3568.0,43.0,60.0
Tapocia,Histhos,Dipathepios,380.0,Hellenic,"Hellenic
Pantheon",Hunting,1.0,0.0,0.0,0.0,0.0,1.0,0.0,0.0,"Tropical
forest",4091.0,6,4,4.0,1.0,1.0,1.0,0.0,1.0,1.0,0.0,0.0,0.0,-4.0,0.0,4.0,3.0,8.0,3.0,3.0,21.0,2.0,5.0,4091.0,8182.0,64.0,91.0
Hetos,Boviataci,Erira,381.0,Hellenic,"Helbiaion
Religion",Hunting,1.0,0.0,0.0,0.0,0.0,1.0,1.0,0.0,"Tropical
forest",3454.0,5,3,3.0,1.0,1.0,0.0,0.0,1.0,1.0,0.0,0.0,0.0,-3.0,0.0,2.0,3.0,5.0,3.0,3.0,18.0,2.0,5.0,3454.0,6908.0,59.0,84.0
Tapocia,Cypethos,Inverwick,382.0,Celtic,"Hellenic
Pantheon",Generic,1.0,0.0,0.0,0.0,1.0,1.0,0.0,0.0,"Temperate
forest",17372.0,28,17,23.0,-0.5,7.0,3.0,1.0,4.0,5.0,1.0,1.0,1.0,-23.0,-3.0,21.5,14.0,44.5,17.0,11.0,87.0,4.0,10.0,17372.0,34744.0,132.0,187.0
Hetos,Boviataci,Athmoros,383.0,Hellenic,"Helbiaion
Religion",Hunting,1.0,0.0,0.0,0.0,1.0,1.0,1.0,0.0,"Tropical
forest",2380.0,3,2,1.0,1.5,1.0,0.0,0.0,0.0,0.0,0.0,0.0,0.0,-1.0,0.0,2.0,0.0,3.0,0.0,2.0,12.0,2.0,4.0,2380.0,4760.0,49.0,69.0
Ziyeh,Aka,Jijan,384.0,Persian,"Persian
Deities",Generic,1.0,0.0,0.0,0.0,0.0,1.0,0.0,0.0,Wetland,4213.0,7,4,5.0,0.5,2.0,1.0,0.0,1.0,1.0,0.0,0.0,0.0,-5.0,0.0,6.0,3.0,11.0,3.0,3.0,22.0,2.0,5.0,4213.0,8426.0,65.0,92.0
Cielumnia,Bashandisia,Matrix,385.0,Roman,"Roman
Shamanism",Hunting,0.0,0.0,0.0,0.0,0.0,0.0,0.0,0.0,Wetland,1733.0,2,1,1.0,0.5,1,0.0,0.0,0.0,0.0,0.0,0.0,0.0,-1.0,0.0,2.0,0.0,3.0,0.0,2.0,9.0,2.0,3.0,1733.0,3466.0,42.0,59.0
Thropebeia,Jowshan,Hyeleuthos,386.0,Hellenic,"Helbiaion
Religion",Generic,1.0,0.0,0.0,0.0,1.0,1.0,0.0,0.0,Wetland,15073.0,25,15,20.0,0.0,6.0,2.0,1.0,4.0,4.0,1.0,1.0,1.0,-20.0,-3.0,17.5,12.0,37.5,15.0,10.0,76.0,4.0,9.0,15073.0,30146.0,123.0,174.0
Tapocia,Thebaizep,Morcyreia,387.0,Hellenic,"Helbiaion
Religion",Hunting,5.0,0.0,0.0,0.0,0.0,1.0,0.0,0.0,"Tropical
forest",4472.0,7,4,5.0,0.5,2.0,1.0,0.0,1.0,1.0,0.0,0.0,0.0,-5.0,0.0,6.0,3.0,11.0,3.0,3.0,23.0,2.0,5.0,4472.0,8944.0,67.0,95.0
Shahia,Narififi,Datarasabi,388.0,Persian,"Helbiaion
Religion",Generic,1.0,0.0,0.0,0.0,0.0,1.0,0.0,0.0,"Tropical
rainforest",13395.0,22,13,18.0,-0.5,5.0,2.0,1.0,3.0,4.0,1.0,1.0,1.0,-18.0,-3.0,15.5,11.0,33.5,14.0,9.0,67.0,3.0,9.0,13395.0,26790.0,116.0,164.0
Fasasania,Shahrdestan,Fashehrke,389.0,Scythian,"Scythian
Forefathers",Generic,1.0,0.0,0.0,0.0,0.0,0.0,0.0,0.0,Savanna,2895.0,4,2,3.0,0.0,1.0,0.0,0.0,1.0,1.0,0.0,0.0,0.0,-3.0,0.0,2.0,3.0,5.0,3.0,2.0,15.0,2.0,4.0,2895.0,5790.0,54.0,77.0
Bukania,Sadashtia,Naharde,390.0,Persian,"Persian
Deities",Generic,1.0,0.0,0.0,0.0,0.0,1.0,0.0,0.0,"Tropical
forest",9609.0,16,9,13.0,-0.5,4.0,1.0,0.0,2.0,3.0,1.0,1.0,1.0,-13.0,-3.0,10.0,8.0,23.0,11.0,7.0,49.0,3.0,7.0,9609.0,19218.0,99.0,139.0
Shushjia,Tunaleoy,Hahayan,391.0,Persian,"Persian
Deities",Naval,6.0,0.0,0.0,1.0,0.0,1.0,0.0,0.0,Wetland,2131.0,3,2,1.0,1.5,1.0,0.0,0.0,0.0,0.0,0.0,0.0,0.0,-1.0,0.0,2.0,0.0,3.0,0.0,2.0,11.0,2.0,4.0,2131.0,4262.0,47.0,66.0
Vavala,Polumia,Utsajaavapa,392.0,Estian,"Estian
Spirits",Generic,1.0,0.0,0.0,0.0,0.0,1.0,0.0,0.0,Grassland,2284.0,3,2,2.0,0.5,1.0,0.0,0.0,0.0,1.0,0.0,0.0,0.0,-2.0,0.0,2.0,2.0,4.0,2.0,2.0,12.0,2.0,4.0,2284.0,4568.0,48.0,68.0
Cielumnia,Vindautum,Laylostan,393.0,Scythian,"Roman
Shamanism",Generic,1.0,0.0,0.0,0.0,1.0,1.0,0.0,0.0,"Temperate
forest",9883.0,16,9,13.0,-0.5,4.0,1.0,0.0,2.0,3.0,1.0,1.0,1.0,-13.0,-3.0,10.0,8.0,23.0,11.0,7.0,50.0,3.0,8.0,9883.0,19766.0,100.0,141.0
Sasburgia,Berg,Lenzgraberg,394.0,Germanic,Germanicism,Generic,1.0,0.0,0.0,0.0,0.0,1.0,0.0,0.0,"Temperate
forest",12892.0,21,12,16.0,0.5,5.0,2.0,0.0,3.0,3.0,1.0,1.0,1.0,-16.0,-3.0,14.0,9.0,30.0,12.0,9.0,65.0,3.0,9.0,12892.0,25784.0,114.0,161.0
Sasburgia,Frohngen,Durmerswald,395.0,Germanic,Germanicism,Hunting,1.0,0.0,0.0,0.0,0.0,0.0,0.0,0.0,"Temperate
forest",1808.0,3,1,1.0,1.0,1.0,0.0,0.0,0.0,0.0,0.0,0.0,0.0,-1.0,0.0,2.0,0.0,3.0,0.0,2.0,10.0,2.0,4.0,1808.0,3616.0,43.0,61.0
Druriria,Inaralas,Adflegilia,396.0,Roman,"Roman
Shamanism",Generic,5.0,0.0,0.0,0.0,1.0,1.0,0.0,0.0,"Temperate
forest",8716.0,14,8,11.0,0.0,3.0,1.0,0.0,2.0,2.0,1.0,1.0,1.0,-11.0,-3.0,8.0,6.0,19.0,9.0,6.0,44.0,3.0,7.0,8716.0,17432.0,94.0,133.0
Mulurikia,Humaa,Vaajama,397.0,Estian,"Estian
Spirits",Generic,1.0,0.0,0.0,0.0,0.0,1.0,0.0,0.0,Grassland,3631.0,6,3,4.0,0.5,1.0,1.0,0.0,1.0,1.0,0.0,0.0,0.0,-4.0,0.0,4.0,3.0,8.0,3.0,3.0,19.0,2.0,5.0,3631.0,7262.0,61.0,86.0
Mulurikia,Totsa,Letiatigan,398.0,Roman,"Roman
Deities",Generic,1.0,0.0,0.0,0.0,1.0,1.0,0.0,0.0,"Temperate
rainforest",15069.0,25,15,20.0,0.0,6.0,2.0,1.0,4.0,4.0,1.0,1.0,1.0,-20.0,-3.0,17.5,12.0,37.5,15.0,10.0,76.0,4.0,9.0,15069.0,30138.0,123.0,174.0
Bukania,Varjoles,Baghstan,399.0,Persian,"Persian
Deities",Hunting,1.0,0.0,0.0,0.0,0.0,0.0,0.0,0.0,"Temperate
forest",2104.0,3,2,1.0,1.5,1.0,0.0,0.0,0.0,0.0,0.0,0.0,0.0,-1.0,0.0,2.0,0.0,3.0,0.0,2.0,11.0,2.0,4.0,2104.0,4208.0,46.0,65.0
Sasburgia,Sulzlin,Waldbrandt,400.0,Germanic,"Old
Germanic
Beliefs",Generic,0.0,0.0,0.0,0.0,0.0,1.0,0.0,0.0,"Tropical
forest",10283.0,17,10,14.0,-0.5,4.0,2.0,0.0,2.0,3.0,1.0,1.0,1.0,-14.0,-3.0,12.0,8.0,26.0,11.0,7.0,52.0,3.0,8.0,10283.0,20566.0,102.0,144.0
Sasburgia,Lelia,Vogtsberg,401.0,Germanic,"Old
Germanic
Beliefs",Hunting,0.0,0.0,0.0,0.0,0.0,1.0,0.0,0.0,"Tropical
forest",3107.0,5,3,3.0,1.0,1.0,0.0,0.0,1.0,1.0,0.0,0.0,0.0,-3.0,0.0,2.0,3.0,5.0,3.0,2.0,16.0,2.0,4.0,3107.0,6214.0,56.0,79.0
Cielumnia,Opel,Pulbium,402.0,Roman,"Roman
Shamanism",Generic,5.0,0.0,0.0,0.0,0.0,1.0,0.0,0.0,"Temperate
forest",9003.0,15,9,12.0,0.0,4.0,1.0,0.0,2.0,2.0,1.0,1.0,1.0,-12.0,-3.0,10.0,6.0,22.0,9.0,6.0,46.0,3.0,7.0,9003.0,18006.0,95.0,135.0
Cielumnia,Pulbium,Gesoscrie,403.0,Roman,"Roman
Shamanism",Hunting,1.0,0.0,0.0,0.0,1.0,1.0,0.0,0.0,"Temperate
forest",5142.0,8,5,6.0,0.5,2.0,1.0,1.0,1.0,1.0,0.0,0.0,0.0,-6.0,0.0,7.5,3.0,13.5,3.0,4.0,26.0,2.0,6.0,5142.0,10284.0,72.0,102.0
Cielumnia,Ridunumia,Atrarilalo,404.0,Roman,"Roman
Shamanism",Generic,1.0,0.0,0.0,0.0,0.0,0.0,0.0,0.0,Grassland,4779.0,7,4,5.0,0.5,2.0,1.0,0.0,1.0,1.0,0.0,0.0,0.0,-5.0,0.0,6.0,3.0,11.0,3.0,3.0,24.0,2.0,5.0,4779.0,9558.0,70.0,98.0
